Scenario,Island,Subsector,Fuel Code,Fuel,2015,2016,2018,2021,2025,2030,2035,2040,2045,2050,2055,2060
Kea,NI,CHEMICAL,COA,Coal Feedstock,0,0,0,0,0,0,0,0,0,0,0,0
Kea,NI,CHEMICAL,INDBIG,Biogas,0,0,0,0,0,0,0,0,0,0,0,0
Kea,NI,CHEMICAL,INDDSL,Diesel,0,0,0,0,0,0,0,0,0,0,0,0
Kea,NI,CHEMICAL,INDCOA,Coal,0,0,0,0,0.00741,0.005318571,0,0,0.005318571,0.005318571,0.005318571,0.005318571
Kea,NI,CHEMICAL,INDNGA,Natural Gas,8.32637931,8.331533525,8.341841954,5.759300187,4.082442514,0.90834125,0.912995,0.912995,0.90834125,0.88197,0.88197,0.88197
Kea,NI,CHEMICAL,NGA,Natural Gas Feedstock,0,0,0,0,0,0,0,0,0,0,0,0
Kea,NI,CHEMICAL,INDWOD,Wood,0,0,0,0,0.05928,2.113607395,2.113607395,2.113607395,2.113607395,2.113607395,1.492289748,1.492289748
Kea,NI,CHEMICAL,INDFOL,Fuel Oil,0.372794118,0.3505,0.354441176,0.005078725,0,0,0,0,0,0,0,0
Kea,NI,CHEMICAL,INDELC,Electricity,1.835639556,1.824532832,1.822325384,1.226404072,0.77,0.553,0.553,0.553,0.553,0.57937125,0.730262679,0.730262679
Kea,NI,CHEMICAL,INDPET,Petrol,0,0,0,0,0,0,0,0,0,0,0,0
Kea,NI,CHEMICAL,INDLPG,LPG,0,0,0,0,0,0,0,0,0,0,0,0
Kea,NI,CHEMICAL,INDGEO,Geothermal,0,0,0,0,0,0,0,0,0,0,0,0
Kea,NI,CONSTRUCTION,COA,Coal Feedstock,0,0,0,0,0,0,0,0,0,0,0,0
Kea,NI,CONSTRUCTION,INDBIG,Biogas,0,0,0,0,0,0,0,0,0,0,0,0
Kea,NI,CONSTRUCTION,INDDSL,Diesel,7.161616162,7.112508418,7.10520202,6.240922021,6.440880116,6.646713449,7.1845,7.964316982,8.867722222,9.69,10.58827778,11.57047222
Kea,NI,CONSTRUCTION,INDCOA,Coal,0,0,0,0,0,0,0,0,0,0,0,0
Kea,NI,CONSTRUCTION,INDNGA,Natural Gas,0.461538462,0.46974359,0.486153846,0.966538462,0.981115385,0.996115385,1.035307692,0.800176486,0.646230769,0.706153846,0.771615385,0.843192308
Kea,NI,CONSTRUCTION,NGA,Natural Gas Feedstock,0,0,0,0,0,0,0,0,0,0,0,0
Kea,NI,CONSTRUCTION,INDWOD,Wood,0,0,0,0,0,0,0,0,0,0,0,0
Kea,NI,CONSTRUCTION,INDFOL,Fuel Oil,0,0,0,0,0,0,0,0,0,0,0,0
Kea,NI,CONSTRUCTION,INDELC,Electricity,0.533333333,0.532592593,0.531111111,0.80589702,0.72643825,0.748475287,0.806037037,0.868,0.9485,1.036518519,1.132574074,1.237574074
Kea,NI,CONSTRUCTION,INDPET,Petrol,0,0,0,0,0,0,0,0,0,0,0,0
Kea,NI,CONSTRUCTION,INDLPG,LPG,0,0,0,0,0,0,0,0,0,0,0,0
Kea,NI,CONSTRUCTION,INDGEO,Geothermal,0,0,0,0,0,0,0,0,0,0,0,0
Kea,NI,DAIRY PRODUCTS,COA,Coal Feedstock,0,0,0,0,0,0,0,0,0,0,0,0
Kea,NI,DAIRY PRODUCTS,INDBIG,Biogas,0,0,0,0,0,0,0,0,0,0,0,0
Kea,NI,DAIRY PRODUCTS,INDDSL,Diesel,0.082352941,0.080705882,0.083411765,0.183963529,0,0.001104401,0,0,0,0,0,0
Kea,NI,DAIRY PRODUCTS,INDCOA,Coal,8.7875,8.785625,8.786875,1.126326014,0.912852019,0,0,0,0,0,0,0
Kea,NI,DAIRY PRODUCTS,INDNGA,Natural Gas,5.666666667,5.633908046,5.632758621,12.20751631,0.009042063,0,0,0,0,0,0,0
Kea,NI,DAIRY PRODUCTS,NGA,Natural Gas Feedstock,0,0,0,0,0,0,0,0,0,0,0,0
Kea,NI,DAIRY PRODUCTS,INDWOD,Wood,0,0,0,0,11.70283293,12.10622901,13.23384965,14.12332871,15.27865035,15.10610624,16.50677435,18.03739894
Kea,NI,DAIRY PRODUCTS,INDFOL,Fuel Oil,0,0,0,0,0,0,0,0,0,0,0,0
Kea,NI,DAIRY PRODUCTS,INDELC,Electricity,2.593413322,2.54504173,2.54504173,2.493662748,2.44087196,2.352227378,2.53290645,2.754685725,3.042417884,3.658992537,3.998350569,4.369052666
Kea,NI,DAIRY PRODUCTS,INDPET,Petrol,0,0,0,0,0,0,0,0,0,0,0,0
Kea,NI,DAIRY PRODUCTS,INDLPG,LPG,0.275862069,0.275862069,0.27,0,0,0,0,0,0,0,0,0
Kea,NI,DAIRY PRODUCTS,INDGEO,Geothermal,0.154619409,0.156062524,0.158948753,0.302776758,0.297536191,0.292487352,0.143828005,0.154884324,0.169231974,0.184921721,0.202081383,0.220806825
Kea,NI,FOOD PROCESSING,COA,Coal Feedstock,0,0,0,0,0,0,0,0,0,0,0,0
Kea,NI,FOOD PROCESSING,INDBIG,Biogas,0,0,0,0,0.360649773,0.347532893,0.374256281,0.403030953,0.440402464,0.481242604,0.525865766,0.574627573
Kea,NI,FOOD PROCESSING,INDDSL,Diesel,0,0,0,0,0,0,0,0,0,0,0,0
Kea,NI,FOOD PROCESSING,INDCOA,Coal,0,0,0,0.258,0.24862,0.23958,0.258,0.27784,0.3036,0.33174,0.3625,0.39612
Kea,NI,FOOD PROCESSING,INDNGA,Natural Gas,11.18666667,11.17777241,11.18297241,10.66866667,9.952778276,9.590890977,10.32834914,11.12242207,12.15378793,13.2806873,14.51219109,15.85786879
Kea,NI,FOOD PROCESSING,NGA,Natural Gas Feedstock,0,0,0,0,0,0,0,0,0,0,0,0
Kea,NI,FOOD PROCESSING,INDWOD,Wood,0,0,0,0,0,0,0,0,0,0,0,0
Kea,NI,FOOD PROCESSING,INDFOL,Fuel Oil,0,0,0,0,0,0,0,0,0,0,0,0
Kea,NI,FOOD PROCESSING,INDELC,Electricity,2.121869852,2.104455037,2.099255037,1.915570362,1.711203704,1.648918519,1.775703704,1.9123,2.089640741,2.28327037,2.49507037,2.72637037
Kea,NI,FOOD PROCESSING,INDPET,Petrol,0,0,0,0,0,0,0,0,0,0,0,0
Kea,NI,FOOD PROCESSING,INDLPG,LPG,0,0,0,0,0,0,0,0,0,0,0,0
Kea,NI,FOOD PROCESSING,INDGEO,Geothermal,0,0,0,0,0,0,0,0,0,0,0,0
Kea,NI,IRON&STEEL,COA,Coal Feedstock,18.5,18.5,18.5,18.5,18.5,18.5,18.5,18.5,18.5,18.5,18.5,18.5
Kea,NI,IRON&STEEL,INDBIG,Biogas,0,0,0,0,0,0,0,0,0,0,0,0
Kea,NI,IRON&STEEL,INDDSL,Diesel,0,0,0,0,0,0,0,0,0,0,0,0
Kea,NI,IRON&STEEL,INDCOA,Coal,0,0,0,0,0.095087143,0.095087143,0,0,0.095087143,0.095087143,0.095087143,0.095087143
Kea,NI,IRON&STEEL,INDNGA,Natural Gas,0.725,0.726208333,0.728625,2.281715,2.02456375,2.02456375,2.107765,2.107765,1.55309,1.55309,1.55309,1.55309
Kea,NI,IRON&STEEL,NGA,Natural Gas Feedstock,0,0,0,0,0,0,0,0,0,0,0,0
Kea,NI,IRON&STEEL,INDWOD,Wood,0,0,0,0,0.760697143,0.760697143,0.760697143,0.760697143,0.760697143,0.760697143,0.760697143,0.760697143
Kea,NI,IRON&STEEL,INDFOL,Fuel Oil,0,0,0,0,0,0,0,0,0,0,0,0
Kea,NI,IRON&STEEL,INDELC,Electricity,2.953703704,2.925180556,2.922763889,1.389141481,0.785296296,0.785296296,0.785296296,0.785296296,1.256770046,1.256770046,1.256770046,1.256770046
Kea,NI,IRON&STEEL,INDPET,Petrol,0,0,0,0,0,0,0,0,0,0,0,0
Kea,NI,IRON&STEEL,INDLPG,LPG,0,0,0,0,0,0,0,0,0,0,0,0
Kea,NI,IRON&STEEL,INDGEO,Geothermal,0,0,0,0,0,0,0,0,0,0,0,0
Kea,NI,MEAT PROCESSING,COA,Coal Feedstock,0,0,0,0,0,0,0,0,0,0,0,0
Kea,NI,MEAT PROCESSING,INDBIG,Biogas,0,0,0,0,0,0,0,0,0,0,0,0
Kea,NI,MEAT PROCESSING,INDDSL,Diesel,0,0,0,0,0,0,0,0,0,0,0,0
Kea,NI,MEAT PROCESSING,INDCOA,Coal,0.8125,0.810833333,0.8075,0.0012364,0.0012364,0.0012364,0.0012364,0,0,0,0,0
Kea,NI,MEAT PROCESSING,INDNGA,Natural Gas,1.471264368,1.451302682,1.457356322,2.15748377,2.116603023,2.039480897,2.029369839,2.19948377,1.197592351,1.437474535,1.650157006,2.075315477
Kea,NI,MEAT PROCESSING,NGA,Natural Gas Feedstock,0,0,0,0,0,0,0,0,0,0,0,0
Kea,NI,MEAT PROCESSING,INDWOD,Wood,0.035294118,0.033764706,0.030705882,0,0,0,0.170928376,0.170928376,1.160971652,1.160971652,1.160971652,0.990043276
Kea,NI,MEAT PROCESSING,INDFOL,Fuel Oil,0,0,0,0,0,0,0,0,0,0,0,0
Kea,NI,MEAT PROCESSING,INDELC,Electricity,1.940749741,1.915934926,1.915934926,1.866361212,1.683114815,1.621966667,1.74667037,1.881074074,2.198900914,2.389437951,2.625577489,2.868990236
Kea,NI,MEAT PROCESSING,INDPET,Petrol,0,0,0,0,0,0,0,0,0,0,0,0
Kea,NI,MEAT PROCESSING,INDLPG,LPG,0,0,0,0,0,0,0,0,0,0,0,0
Kea,NI,MEAT PROCESSING,INDGEO,Geothermal,0,0,0,0,0,0,0,0,0,0,0,0
Kea,NI,METALS,COA,Coal Feedstock,0,0,0,0,0,0,0,0,0,0,0,0
Kea,NI,METALS,INDBIG,Biogas,0,0,0,0,0,0,0,0,0,0,0,0
Kea,NI,METALS,INDDSL,Diesel,0,0,0,0,0,0,0,0,0,0,0,0
Kea,NI,METALS,INDCOA,Coal,0,0,0,0,0.065048571,0.062682857,0,0,0.079431429,0.086798571,0.094847143,0.103641429
Kea,NI,METALS,INDNGA,Natural Gas,1.9625,1.963333333,1.965,2.007625,1.4223675,1.3706225,1.535,1.653045,1.7368525,1.467585,1.60367,1.752435
Kea,NI,METALS,NGA,Natural Gas Feedstock,0,0,0,0,0,0,0,0,0,0,0,0
Kea,NI,METALS,INDWOD,Wood,0,0,0,0,0.520388571,0.501462857,0.54,0.58152,0.635451429,0.694388571,0.758777143,0.829131429
Kea,NI,METALS,INDFOL,Fuel Oil,0.05,0.048916667,0.052375,0,0,0,0,0,0,0,0,0
Kea,NI,METALS,INDELC,Electricity,1.51212963,1.50237963,1.49725463,1.400611111,1.206140741,1.162414815,1.251722222,1.347933333,1.473025926,2.039887361,2.228980046,2.435736898
Kea,NI,METALS,INDPET,Petrol,0,0,0,0,0,0,0,0,0,0,0,0
Kea,NI,METALS,INDLPG,LPG,0,0,0,0,0,0,0,0,0,0,0,0
Kea,NI,METALS,INDGEO,Geothermal,0,0,0,0,0,0,0,0,0,0,0,0
Kea,NI,METHANOL,COA,Coal Feedstock,0,0,0,0,0,0,0,0,0,0,0,0
Kea,NI,METHANOL,INDBIG,Biogas,0,0,0,0,0,0,0,0,0,0,0,0
Kea,NI,METHANOL,INDDSL,Diesel,0,0,0,0,0,0,0,0,0,0,0,0
Kea,NI,METHANOL,INDCOA,Coal,0,0,0,0,0,0,0,0,0,0,0,0
Kea,NI,METHANOL,INDNGA,Natural Gas,16.46,16.46,16.46,16.4618,16.4618,16.4618,0,0,0,0,0,0
Kea,NI,METHANOL,NGA,Natural Gas Feedstock,41.07,41.06,41.06,41.0689,41.0689,41.0689,0,0,0,0,0,0
Kea,NI,METHANOL,INDWOD,Wood,0,0,0,0,0,0,0,0,0,0,0,0
Kea,NI,METHANOL,INDFOL,Fuel Oil,0,0,0,0,0,0,0,0,0,0,0,0
Kea,NI,METHANOL,INDELC,Electricity,0,0,0,0,0,0,0,0,0,0,0,0
Kea,NI,METHANOL,INDPET,Petrol,0,0,0,0,0,0,0,0,0,0,0,0
Kea,NI,METHANOL,INDLPG,LPG,0,0,0,0,0,0,0,0,0,0,0,0
Kea,NI,METHANOL,INDGEO,Geothermal,0,0,0,0,0,0,0,0,0,0,0,0
Kea,NI,MINERAL,COA,Coal Feedstock,0,0,0,0,0,0,0,0,0,0,0,0
Kea,NI,MINERAL,INDBIG,Biogas,0,0,0,0,0,0,0,0,0,0,0,0
Kea,NI,MINERAL,INDDSL,Diesel,0,0,0,0,0,0,0,0,0,0,0,0
Kea,NI,MINERAL,INDCOA,Coal,2.957142857,2.954952381,2.950571429,3.126478571,3.13181,3.13181,0,0,0.241733539,0.25857,0.282548571,0.308747143
Kea,NI,MINERAL,INDNGA,Natural Gas,2.194252874,2.19591954,2.199252874,2.386990733,1.269155733,1.390850733,4.397372512,4.785075041,4.413203214,4.301861724,4.779143908,5.222272299
Kea,NI,MINERAL,NGA,Natural Gas Feedstock,0,0,0,0,0,0,0,0,0,0,0,0
Kea,NI,MINERAL,INDWOD,Wood,0.6,0.597714286,0.593142857,0.593142857,2.058933782,2.119206723,2.330056706,2.453759563,2.970650809,2.757101176,2.932576807,3.204471261
Kea,NI,MINERAL,INDFOL,Fuel Oil,0,0,0,0,0,0,0,0,0,0,0,0
Kea,NI,MINERAL,INDELC,Electricity,0.94537037,0.920305556,0.924805556,0.787259259,0.709722222,0.731240741,0.7875,0.848037037,1.242225707,2.294613287,2.507358889,2.739926806
Kea,NI,MINERAL,INDPET,Petrol,0,0,0,0,0,0,0,0,0,0,0,0
Kea,NI,MINERAL,INDLPG,LPG,0,0,0,0,0,0,0,0,0,0,0,0
Kea,NI,MINERAL,INDGEO,Geothermal,0,0,0,0,0,0,0,0,0,0,0,0
Kea,NI,MINING,COA,Coal Feedstock,0,0,0,0,0,0,0,0,0,0,0,0
Kea,NI,MINING,INDBIG,Biogas,0,0,0,0,0,0,0,0,0,0,0,0
Kea,NI,MINING,INDDSL,Diesel,9.055555556,3.962828283,3.959191919,3.668333333,3.590472222,3.699722222,3.984194444,4.290305556,4.68825,5.122611111,5.598138889,6.116944444
Kea,NI,MINING,INDCOA,Coal,0,0,0,0,0,0,0,0,0,0,0,0
Kea,NI,MINING,INDNGA,Natural Gas,0.16091954,0.16045977,0.15954023,0.194712644,0.45636649,0.464328028,0.467932361,0.50736649,0.425278438,0.403307692,0.470490274,0.514114058
Kea,NI,MINING,NGA,Natural Gas Feedstock,0,0,0,0,0,0,0,0,0,0,0,0
Kea,NI,MINING,INDWOD,Wood,0,0,0,0,0.006,0.012235294,0.046,0.046,0.18240777,0.262235294,0.256,0.279811765
Kea,NI,MINING,INDFOL,Fuel Oil,2.035294118,0.024,0.024941176,0,0,0,0,0,0,0,0,0
Kea,NI,MINING,INDELC,Electricity,1.466666667,1.467259259,1.468444444,1.649925926,1.4875,1.532611111,1.650444444,1.777222222,1.942111111,2.122166667,2.318944444,2.534
Kea,NI,MINING,INDPET,Petrol,0,0,0,0,0,0,0,0,0,0,0,0
Kea,NI,MINING,INDLPG,LPG,0,0,0,0,0,0,0,0,0,0,0,0
Kea,NI,MINING,INDGEO,Geothermal,0,0,0,0,0,0,0,0,0,0,0,0
Kea,NI,OTHER,COA,Coal Feedstock,0,0,0,0,0,0,0,0,0,0,0,0
Kea,NI,OTHER,INDBIG,Biogas,0.04,0.03,0.03,0.0409,0.0421,0.0434,0.0468,0.0504,0.055,0.0601,0.0657,0.0718
Kea,NI,OTHER,INDDSL,Diesel,4.04,4.03,4.03,4.1599,4.286,4.4158,4.7554,5.121,5.5959,6.1148,6.6818,7.3014
Kea,NI,OTHER,INDCOA,Coal,1,1,1,1.033,1.0643,1.0965,1.1808,1.2716,1.3896,1.5184,1.6592,1.813
Kea,NI,OTHER,INDNGA,Natural Gas,1.06,1.05,1.05,1.0873,1.1203,1.1542,1.243,1.3385,1.4627,1.5983,1.7465,1.9085
Kea,NI,OTHER,NGA,Natural Gas Feedstock,0,0,0,0,0,0,0,0,0,0,0,0
Kea,NI,OTHER,INDWOD,Wood,0,0,0,0,0,0,0,0,0,0,0,0
Kea,NI,OTHER,INDFOL,Fuel Oil,0.01,0,0,0.0085,0.0088,0.009,0.0097,0.0105,0.0114,0.0125,0.0137,0.0149
Kea,NI,OTHER,INDELC,Electricity,4.08,4.08,4.08,4.2075,4.335,4.4664,4.8098,5.1796,5.6599,6.1848,6.7582,7.3849
Kea,NI,OTHER,INDPET,Petrol,0.05,0.05,0.05,0.0517,0.0532,0.0548,0.0591,0.0636,0.0695,0.0759,0.083,0.0907
Kea,NI,OTHER,INDLPG,LPG,2.65,2.65,2.65,2.7342,2.8171,2.9024,3.1256,3.3659,3.678,4.0191,4.3918,4.799
Kea,NI,OTHER,INDGEO,Geothermal,0,0,0,0,0,0,0,0,0,0,0,0
Kea,NI,PULP AND PAPER,COA,Coal Feedstock,0,0,0,0,0,0,0,0,0,0,0,0
Kea,NI,PULP AND PAPER,INDBIG,Biogas,0,0,0,0,0,0,0,0,0,0,0,0
Kea,NI,PULP AND PAPER,INDDSL,Diesel,0,0,0,0,0,0,0,0,0,0,0,0
Kea,NI,PULP AND PAPER,INDCOA,Coal,0.1625,0.163708333,0.166125,4.424239893,4.463385607,4.463385607,4.424239893,0.002694197,1.933496603,0.058757143,0.064204286,0.070157143
Kea,NI,PULP AND PAPER,INDNGA,Natural Gas,3.886637931,2.498430651,3.870804598,11.6633204,11.4607979,11.18780696,6.914381813,10.66504044,8.174711619,8.679073956,15.07230362,16.46988563
Kea,NI,PULP AND PAPER,NGA,Natural Gas Feedstock,0,0,0,0,0,0,0,0,0,0,0,0
Kea,NI,PULP AND PAPER,INDWOD,Wood,28.70588235,28.70737255,28.71035294,16.06693892,19.34724582,22.96284257,35.18482512,39.07712064,44.44707538,50.46325821,49.42263429,50.82920143
Kea,NI,PULP AND PAPER,INDFOL,Fuel Oil,0.117355294,0,0.109176471,0,0,0,0,0,0,0,0,0
Kea,NI,PULP AND PAPER,INDELC,Electricity,6.154840992,4.048174325,4.048174325,4.405554211,4.677040104,5.069385691,5.459035279,5.878986803,6.424072603,7.311175338,7.98911295,9.501220895
Kea,NI,PULP AND PAPER,INDPET,Petrol,0,0,0,0,0,0,0,0,0,0,0,0
Kea,NI,PULP AND PAPER,INDLPG,LPG,0,0,0,0,0,0,0,0,0,0,0,0
Kea,NI,PULP AND PAPER,INDGEO,Geothermal,5.937640961,5.27214253,3.941145668,7.385004391,7.673864372,7.986937752,4.356876028,4.691884749,5.126942535,5.602355987,6.121846279,6.689505671
Kea,NI,REFINERY,COA,Coal Feedstock,0,0,0,0,0,0,0,0,0,0,0,0
Kea,NI,REFINERY,INDBIG,Biogas,0,0,0,0,0,0,0,0,0,0,0,0
Kea,NI,REFINERY,INDDSL,Diesel,0,0,0,0,0,0,0,0,0,0,0,0
Kea,NI,REFINERY,INDCOA,Coal,0,0,0,0,0.051141429,0.036728571,0,0,0,0.050858571,0.055572857,0.060728571
Kea,NI,REFINERY,INDNGA,Natural Gas,3.370258621,3.358764368,3.358764368,2.421712644,1.336472457,0.7820125,0.876755,0.94411,1.0317,0.83069,0.90769,0.9919
Kea,NI,REFINERY,NGA,Natural Gas Feedstock,0,0,0,0,0,0,0,0,0,0,0,0
Kea,NI,REFINERY,INDWOD,Wood,0,0,0,0,0.409131429,0.475828571,0.512422857,0.551790252,0.602931092,0.658868571,0.637371092,0.696487395
Kea,NI,REFINERY,INDFOL,Fuel Oil,0,0,0,0,0,0,0,0,0,0,0,0
Kea,NI,REFINERY,INDELC,Electricity,0.933333333,0.918518519,0.918518519,0.666074074,0.418574074,0.300611111,0.323685185,0.348574074,0.380851852,0.668414491,0.750484835,0.820038214
Kea,NI,REFINERY,INDPET,Petrol,0,0,0,0,0,0,0,0,0,0,0,0
Kea,NI,REFINERY,INDLPG,LPG,0,0,0,0,0,0,0,0,0,0,0,0
Kea,NI,REFINERY,INDGEO,Geothermal,0,0,0,0,0,0,0,0,0,0,0,0
Kea,NI,UREA FEEDSTOCK,COA,Coal Feedstock,0,0,0,0,0,0,0,0,0,0,0,0
Kea,NI,UREA FEEDSTOCK,INDBIG,Biogas,0,0,0,0,0,0,0,0,0,0,0,0
Kea,NI,UREA FEEDSTOCK,INDDSL,Diesel,0,0,0,0,0,0,0,0,0,0,0,0
Kea,NI,UREA FEEDSTOCK,INDCOA,Coal,0,0,0,0,0,0,0,0,0,0,0,0
Kea,NI,UREA FEEDSTOCK,INDNGA,Natural Gas,0,0,0,0,0,0,0,0,0,0,0,0
Kea,NI,UREA FEEDSTOCK,NGA,Natural Gas Feedstock,3.99,3.99,3.99,2.8674,2.0593,1.4789,1.4789,1.4789,1.4789,1.4789,1.4789,1.4789
Kea,NI,UREA FEEDSTOCK,INDWOD,Wood,0,0,0,0,0,0,0,0,0,0,0,0
Kea,NI,UREA FEEDSTOCK,INDFOL,Fuel Oil,0,0,0,0,0,0,0,0,0,0,0,0
Kea,NI,UREA FEEDSTOCK,INDELC,Electricity,0,0,0,0,0,0,0,0,0,0,0,0
Kea,NI,UREA FEEDSTOCK,INDPET,Petrol,0,0,0,0,0,0,0,0,0,0,0,0
Kea,NI,UREA FEEDSTOCK,INDLPG,LPG,0,0,0,0,0,0,0,0,0,0,0,0
Kea,NI,UREA FEEDSTOCK,INDGEO,Geothermal,0,0,0,0,0,0,0,0,0,0,0,0
Kea,NI,WOOD PROCESSING,COA,Coal Feedstock,0,0,0,0,0,0,0,0,0,0,0,0
Kea,NI,WOOD PROCESSING,INDBIG,Biogas,0,0,0,0,0,0,0,0,0,0,0,0
Kea,NI,WOOD PROCESSING,INDDSL,Diesel,0.047058824,0,0.048,0,0,0,0,0,0,0,0,0
Kea,NI,WOOD PROCESSING,INDCOA,Coal,0.225,0.226,0.228,4.588959887,4.600004173,4.600004173,4.588959887,4.575352261,1.985719411,0.016577143,0.018115714,0.019791429
Kea,NI,WOOD PROCESSING,INDNGA,Natural Gas,0.815229885,0.490162835,0.807787356,4.340261494,4.278162744,4.238733815,2.474125246,4.039617488,5.52428594,5.960737011,6.513476207,7.117397931
Kea,NI,WOOD PROCESSING,NGA,Natural Gas Feedstock,0,0,0,0,0,0,0,0,0,0,0,0
Kea,NI,WOOD PROCESSING,INDWOD,Wood,15.63823529,15.42321569,14.99317647,7.012708342,8.452333216,9.985663128,13.9254424,13.9333624,16.92058509,20.51612303,22.41851395,18.49951182
Kea,NI,WOOD PROCESSING,INDFOL,Fuel Oil,0.035294118,0,0.034823529,0,0,0,0,0,0,0,0,0
Kea,NI,WOOD PROCESSING,INDELC,Electricity,6.490075098,4.759312835,4.770595906,5.20074342,5.421994327,5.876779902,6.328614598,6.81533791,7.453093323,8.219843693,8.98219268,11.2714795
Kea,NI,WOOD PROCESSING,INDPET,Petrol,0,0,0,0,0,0,0,0,0,0,0,0
Kea,NI,WOOD PROCESSING,INDLPG,LPG,0,0,0,0,0,0,0,0,0,0,0,0
Kea,NI,WOOD PROCESSING,INDGEO,Geothermal,0.556629874,0.558072989,0.560959218,2.129325736,2.260875929,2.403455641,1.984169034,2.136726851,2.334866471,2.551364568,2.787942572,3.046466225
Kea,SI,CHEMICAL,COA,Coal Feedstock,0,0,0,0,0,0,0,0,0,0,0,0
Kea,SI,CHEMICAL,INDBIG,Biogas,0,0,0,0,0,0,0,0,0,0,0,0
Kea,SI,CHEMICAL,INDDSL,Diesel,0,0,0,0,0,0,0,0,0,0,0,0
Kea,SI,CHEMICAL,INDCOA,Coal,0,0,0,0,0,0,0,0,0,0,0,0
Kea,SI,CHEMICAL,INDNGA,Natural Gas,0,0,0,0,0,0,0,0,0,0,0,0
Kea,SI,CHEMICAL,NGA,Natural Gas Feedstock,0,0,0,0,0,0,0,0,0,0,0,0
Kea,SI,CHEMICAL,INDWOD,Wood,0,0,0,0,0,0,0,0,0,0,0,0
Kea,SI,CHEMICAL,INDFOL,Fuel Oil,0,0,0,0,0,0,0,0,0,0,0,0
Kea,SI,CHEMICAL,INDELC,Electricity,0,0,0,0,0,0,0,0,0,0,0,0
Kea,SI,CHEMICAL,INDPET,Petrol,0,0,0,0,0,0,0,0,0,0,0,0
Kea,SI,CHEMICAL,INDLPG,LPG,0,0,0,0,0,0,0,0,0,0,0,0
Kea,SI,CHEMICAL,INDGEO,Geothermal,0,0,0,0,0,0,0,0,0,0,0,0
Kea,SI,CONSTRUCTION,COA,Coal Feedstock,0,0,0,0,0,0,0,0,0,0,0,0
Kea,SI,CONSTRUCTION,INDBIG,Biogas,0,0,0,0,0,0,0,0,0,0,0,0
Kea,SI,CONSTRUCTION,INDDSL,Diesel,0,0,0,0,0,0,0,0,0,0,0,0
Kea,SI,CONSTRUCTION,INDCOA,Coal,0,0,0,0,0,0,0,0,0,0,0,0
Kea,SI,CONSTRUCTION,INDNGA,Natural Gas,0,0,0,0,0,0,0,0,0,0,0,0
Kea,SI,CONSTRUCTION,NGA,Natural Gas Feedstock,0,0,0,0,0,0,0,0,0,0,0,0
Kea,SI,CONSTRUCTION,INDWOD,Wood,0,0,0,0,0,0,0,0,0,0,0,0
Kea,SI,CONSTRUCTION,INDFOL,Fuel Oil,0,0,0,0,0,0,0,0,0,0,0,0
Kea,SI,CONSTRUCTION,INDELC,Electricity,0.222222222,0.222222222,0.222222222,0.236148148,0.212851852,0.219333333,0.236185185,0.254333333,0.277925926,0.303722222,0.331851852,0.362703704
Kea,SI,CONSTRUCTION,INDPET,Petrol,0,0,0,0,0,0,0,0,0,0,0,0
Kea,SI,CONSTRUCTION,INDLPG,LPG,0,0,0,0,0,0,0,0,0,0,0,0
Kea,SI,CONSTRUCTION,INDGEO,Geothermal,0,0,0,0,0,0,0,0,0,0,0,0
Kea,SI,DAIRY PRODUCTS,COA,Coal Feedstock,0,0,0,0,0,0,0,0,0,0,0,0
Kea,SI,DAIRY PRODUCTS,INDBIG,Biogas,0,0,0,0,0,0,0,0,0,0,0,0
Kea,SI,DAIRY PRODUCTS,INDDSL,Diesel,0.029411765,0.02945098,0.034705882,0.076514118,0,0.000459809,0,0,0,0,0,0
Kea,SI,DAIRY PRODUCTS,INDCOA,Coal,6.1875,6.1875,6.1875,5.994375,0.76896841,0,0,0,0,0,0,0
Kea,SI,DAIRY PRODUCTS,INDNGA,Natural Gas,0,0,0,0,0,0,0,0,0,0,0,0
Kea,SI,DAIRY PRODUCTS,NGA,Natural Gas Feedstock,0,0,0,0,0,0,0,0,0,0,0,0
Kea,SI,DAIRY PRODUCTS,INDWOD,Wood,0,0,0,0,4.508714203,5.038974544,5.508064235,5.931687765,6.473061294,6.89134615,6.929432118,7.507438706
Kea,SI,DAIRY PRODUCTS,INDFOL,Fuel Oil,0,0,0,0,0,0,0,0,0,0,0,0
Kea,SI,DAIRY PRODUCTS,INDELC,Electricity,1.044961906,1.044961906,1.044961906,1.037794189,1.01602725,0.978911217,1.054175882,1.135347903,1.242248581,1.395864104,1.651752215,1.818559582
Kea,SI,DAIRY PRODUCTS,INDPET,Petrol,0,0,0,0,0,0,0,0,0,0,0,0
Kea,SI,DAIRY PRODUCTS,INDLPG,LPG,0.116091954,0.115977011,0.110689655,0,0,0,0,0,0,0,0,0
Kea,SI,DAIRY PRODUCTS,INDGEO,Geothermal,0.065970948,0.066039668,0.066177107,0.126028219,0.123855301,0.121778247,0.059851112,0.064452585,0.07042811,0.076978819,0.084104712,0.091901654
Kea,SI,FOOD PROCESSING,COA,Coal Feedstock,0,0,0,0,0,0,0,0,0,0,0,0
Kea,SI,FOOD PROCESSING,INDBIG,Biogas,0,0,0,0,0.01627627,0.015688716,0.016894747,0.018193551,0.019878902,0.021724027,0.023734079,0.025934829
Kea,SI,FOOD PROCESSING,INDDSL,Diesel,0,0,0,0,0,0,0,0,0,0,0,0
Kea,SI,FOOD PROCESSING,INDCOA,Coal,0.529,0.528933333,0.5288,0.52807,0.4928125,0.478755,0.01452,0.01564,0.0171,0.01868,0.0204,0.0223
Kea,SI,FOOD PROCESSING,INDNGA,Natural Gas,0,0,0,0,0.0030225,0.002925,0.00313625,0.00338,0.003705,0.00404625,0.00442,0.00482625
Kea,SI,FOOD PROCESSING,NGA,Natural Gas Feedstock,0,0,0,0,0,0,0,0,0,0,0,0
Kea,SI,FOOD PROCESSING,INDWOD,Wood,0,0,0,0,0,0,0.366364706,0.394529412,0.431076471,0.471088235,0.514676471,0.5624
Kea,SI,FOOD PROCESSING,INDFOL,Fuel Oil,0,0,0,0,0,0,0,0,0,0,0,0
Kea,SI,FOOD PROCESSING,INDELC,Electricity,0.638598593,0.638665259,0.638798593,0.627252457,0.574797966,0.549969883,0.704042704,0.758187355,0.828741951,0.905556166,0.989419247,1.081157863
Kea,SI,FOOD PROCESSING,INDPET,Petrol,0,0,0,0,0,0,0,0,0,0,0,0
Kea,SI,FOOD PROCESSING,INDLPG,LPG,0,0,0,0,0,0,0,0,0,0,0,0
Kea,SI,FOOD PROCESSING,INDGEO,Geothermal,0,0,0,0,0,0,0,0,0,0,0,0
Kea,SI,IRON&STEEL,COA,Coal Feedstock,0,0,0,0,0,0,0,0,0,0,0,0
Kea,SI,IRON&STEEL,INDBIG,Biogas,0,0,0,0,0,0,0,0,0,0,0,0
Kea,SI,IRON&STEEL,INDDSL,Diesel,0,0,0,0,0,0,0,0,0,0,0,0
Kea,SI,IRON&STEEL,INDCOA,Coal,0,0,0,0,0,0,0,0,0,0,0,0
Kea,SI,IRON&STEEL,INDNGA,Natural Gas,0,0,0,0,0,0,0,0,0,0,0,0
Kea,SI,IRON&STEEL,NGA,Natural Gas Feedstock,0,0,0,0,0,0,0,0,0,0,0,0
Kea,SI,IRON&STEEL,INDWOD,Wood,0,0,0,0,0,0,0,0,0,0,0,0
Kea,SI,IRON&STEEL,INDFOL,Fuel Oil,0,0,0,0,0,0,0,0,0,0,0,0
Kea,SI,IRON&STEEL,INDELC,Electricity,0,0,0,0,0,0,0,0,0,0,0,0
Kea,SI,IRON&STEEL,INDPET,Petrol,0,0,0,0,0,0,0,0,0,0,0,0
Kea,SI,IRON&STEEL,INDLPG,LPG,0,0,0,0,0,0,0,0,0,0,0,0
Kea,SI,IRON&STEEL,INDGEO,Geothermal,0,0,0,0,0,0,0,0,0,0,0,0
Kea,SI,MEAT PROCESSING,COA,Coal Feedstock,0,0,0,0,0,0,0,0,0,0,0,0
Kea,SI,MEAT PROCESSING,INDBIG,Biogas,0,0,0,0,0,0,0,0,0,0,0,0
Kea,SI,MEAT PROCESSING,INDDSL,Diesel,0,0,0,0,0,0,0,0,0,0,0,0
Kea,SI,MEAT PROCESSING,INDCOA,Coal,0.97308,0.97308,0.973125,0.0355,0,0,0,0,0,0,0,0
Kea,SI,MEAT PROCESSING,INDNGA,Natural Gas,0,0,0,0,0.00203125,0.00196625,0.0021125,0.002275,0.00248625,0.00271375,0.0029575,0.00323375
Kea,SI,MEAT PROCESSING,NGA,Natural Gas Feedstock,0,0,0,0,0,0,0,0,0,0,0,0
Kea,SI,MEAT PROCESSING,INDWOD,Wood,0.037101176,0.037101176,0.037058824,0.886117647,0.886117647,0.853882353,0.919529412,0.990235294,1.082117647,1.182470588,1.182470588,1.270694118
Kea,SI,MEAT PROCESSING,INDFOL,Fuel Oil,0,0,0,0,0,0,0,0,0,0,0,0
Kea,SI,MEAT PROCESSING,INDELC,Electricity,1.106395296,0.786299296,0.786299296,0.776870567,0.711348633,0.685656084,0.738346726,0.795150321,0.868748327,0.949296322,1.097843416,1.211535654
Kea,SI,MEAT PROCESSING,INDPET,Petrol,0,0,0,0,0,0,0,0,0,0,0,0
Kea,SI,MEAT PROCESSING,INDLPG,LPG,0,0,0,0,0,0,0,0,0,0,0,0
Kea,SI,MEAT PROCESSING,INDGEO,Geothermal,0,0,0,0,0,0,0,0,0,0,0,0
Kea,SI,METALS,COA,Coal Feedstock,0,0,0,0,0,0,0,0,0,0,0,0
Kea,SI,METALS,INDBIG,Biogas,0,0,0,0,0,0,0,0,0,0,0,0
Kea,SI,METALS,INDDSL,Diesel,0,0,0,0,0,0,0,0,0,0,0,0
Kea,SI,METALS,INDCOA,Coal,0,0,0,0,0.01113,0.010727143,0.01155,0.012437143,0.013594286,0.014854286,0.01623,0.017734286
Kea,SI,METALS,INDNGA,Natural Gas,0,0,0,0,0,0,0,0,0,0,0,0
Kea,SI,METALS,NGA,Natural Gas Feedstock,0,0,0,0,0,0,0,0,0,0,0,0
Kea,SI,METALS,INDWOD,Wood,0,0,0,0,0.08904,0.085817143,0.0924,0.099497143,0.108754286,0.118834286,0.12984,0.141874286
Kea,SI,METALS,INDFOL,Fuel Oil,0.33375,0.321458333,0.334,0.336875,9.24E-05,9.24E-05,9.24E-05,0.000167543,0,0,0,0
Kea,SI,METALS,INDELC,Electricity,0.362546296,0.362337963,0.349796296,0.344537037,0.533657935,0.514206361,0.553604139,0.596251068,0.651693148,0.712220648,0.778204491,0.850248056
Kea,SI,METALS,INDPET,Petrol,0,0,0,0,0,0,0,0,0,0,0,0
Kea,SI,METALS,INDLPG,LPG,0,0,0,0,0,0,0,0,0,0,0,0
Kea,SI,METALS,INDGEO,Geothermal,0,0,0,0,0,0,0,0,0,0,0,0
Kea,SI,METHANOL,COA,Coal Feedstock,0,0,0,0,0,0,0,0,0,0,0,0
Kea,SI,METHANOL,INDBIG,Biogas,0,0,0,0,0,0,0,0,0,0,0,0
Kea,SI,METHANOL,INDDSL,Diesel,0,0,0,0,0,0,0,0,0,0,0,0
Kea,SI,METHANOL,INDCOA,Coal,0,0,0,0,0,0,0,0,0,0,0,0
Kea,SI,METHANOL,INDNGA,Natural Gas,0,0,0,0,0,0,0,0,0,0,0,0
Kea,SI,METHANOL,NGA,Natural Gas Feedstock,0,0,0,0,0,0,0,0,0,0,0,0
Kea,SI,METHANOL,INDWOD,Wood,0,0,0,0,0,0,0,0,0,0,0,0
Kea,SI,METHANOL,INDFOL,Fuel Oil,0,0,0,0,0,0,0,0,0,0,0,0
Kea,SI,METHANOL,INDELC,Electricity,0,0,0,0,0,0,0,0,0,0,0,0
Kea,SI,METHANOL,INDPET,Petrol,0,0,0,0,0,0,0,0,0,0,0,0
Kea,SI,METHANOL,INDLPG,LPG,0,0,0,0,0,0,0,0,0,0,0,0
Kea,SI,METHANOL,INDGEO,Geothermal,0,0,0,0,0,0,0,0,0,0,0,0
Kea,SI,MINERAL,COA,Coal Feedstock,0,0,0,0,0,0,0,0,0,0,0,0
Kea,SI,MINERAL,INDBIG,Biogas,0,0,0,0,0,0,0,0,0,0,0,0
Kea,SI,MINERAL,INDDSL,Diesel,0,0,0,0,0,0,0,0,0,0,0,0
Kea,SI,MINERAL,INDCOA,Coal,0,0,0,0,0,0,0,0,0,0,0,0
Kea,SI,MINERAL,INDNGA,Natural Gas,0,0,0,0,0,0,0,0,0,0,0,0
Kea,SI,MINERAL,NGA,Natural Gas Feedstock,0,0,0,0,0,0,0,0,0,0,0,0
Kea,SI,MINERAL,INDWOD,Wood,0,0,0,0,0,0,0,0,0,0,0,0
Kea,SI,MINERAL,INDFOL,Fuel Oil,0,0,0,0,0,0,0,0,0,0,0,0
Kea,SI,MINERAL,INDELC,Electricity,0,0,0,0,0,0,0,0,0,0,0,0
Kea,SI,MINERAL,INDPET,Petrol,0,0,0,0,0,0,0,0,0,0,0,0
Kea,SI,MINERAL,INDLPG,LPG,0,0,0,0,0,0,0,0,0,0,0,0
Kea,SI,MINERAL,INDGEO,Geothermal,0,0,0,0,0,0,0,0,0,0,0,0
Kea,SI,MINING,COA,Coal Feedstock,0,0,0,0,0,0,0,0,0,0,0,0
Kea,SI,MINING,INDBIG,Biogas,0,0,0,0,0,0,0,0,0,0,0,0
Kea,SI,MINING,INDDSL,Diesel,0,0,0,0,0,0,0,0,0,0,0,0
Kea,SI,MINING,INDCOA,Coal,0,0,0,0,0,0,0,0,0,0,0,0
Kea,SI,MINING,INDNGA,Natural Gas,0,0,0,0,0,0,0,0,0,0,0,0
Kea,SI,MINING,NGA,Natural Gas Feedstock,0,0,0,0,0,0,0,0,0,0,0,0
Kea,SI,MINING,INDWOD,Wood,0,0,0,0,0,0,0,0,0,0,0,0
Kea,SI,MINING,INDFOL,Fuel Oil,0,0,0,0,0,0,0,0,0,0,0,0
Kea,SI,MINING,INDELC,Electricity,0,0,0,0,0,0,0,0,0,0,0,0
Kea,SI,MINING,INDPET,Petrol,0,0,0,0,0,0,0,0,0,0,0,0
Kea,SI,MINING,INDLPG,LPG,0,0,0,0,0,0,0,0,0,0,0,0
Kea,SI,MINING,INDGEO,Geothermal,0,0,0,0,0,0,0,0,0,0,0,0
Kea,SI,OTHER,COA,Coal Feedstock,0,0,0,0,0,0,0,0,0,0,0,0
Kea,SI,OTHER,INDBIG,Biogas,0.01,0.01,0.01,0.014,0.0144,0.0148,0.016,0.0172,0.0188,0.0205,0.0224,0.0245
Kea,SI,OTHER,INDDSL,Diesel,1.37,1.37,1.37,1.4198,1.4628,1.5072,1.623,1.7478,1.9099,2.087,2.2805,2.492
Kea,SI,OTHER,INDCOA,Coal,0.34,0.34,0.34,0.3526,0.3632,0.3743,0.403,0.434,0.4743,0.5182,0.5663,0.6188
Kea,SI,OTHER,INDNGA,Natural Gas,0,0,0,0,0,0,0,0,0,0,0,0
Kea,SI,OTHER,NGA,Natural Gas Feedstock,0,0,0,0,0,0,0,0,0,0,0,0
Kea,SI,OTHER,INDWOD,Wood,0,0,0,0,0,0,0,0,0,0,0,0
Kea,SI,OTHER,INDFOL,Fuel Oil,0,0,0,0.0029,0.003,0.0031,0.0033,0.0036,0.0039,0.0043,0.0047,0.0051
Kea,SI,OTHER,INDELC,Electricity,1.39,1.39,1.39,1.4361,1.4796,1.5244,1.6416,1.7678,1.9318,2.1109,2.3066,2.5205
Kea,SI,OTHER,INDPET,Petrol,0.01,0.01,0.01,0.0176,0.0182,0.0187,0.0202,0.0217,0.0237,0.0259,0.0283,0.0309
Kea,SI,OTHER,INDLPG,LPG,0.9,0.9,0.9,0.9332,0.9615,0.9906,1.0668,1.1488,1.2553,1.3717,1.4989,1.6379
Kea,SI,OTHER,INDGEO,Geothermal,0,0,0,0,0,0,0,0,0,0,0,0
Kea,SI,PULP AND PAPER,COA,Coal Feedstock,0,0,0,0,0,0,0,0,0,0,0,0
Kea,SI,PULP AND PAPER,INDBIG,Biogas,0,0,0,0,0,0,0,0,0,0,0,0
Kea,SI,PULP AND PAPER,INDDSL,Diesel,0,0,0,0,0,0,0,0,0,0,0,0
Kea,SI,PULP AND PAPER,INDCOA,Coal,0.02375,0.023916667,0.02425,0,0,0,0,0,0,0,0,0
Kea,SI,PULP AND PAPER,INDNGA,Natural Gas,0,0,0,0,0,0,0,0,0,0,0,0
Kea,SI,PULP AND PAPER,NGA,Natural Gas Feedstock,0,0,0,0,0,0,0,0,0,0,0,0
Kea,SI,PULP AND PAPER,INDWOD,Wood,0,0,0,0.025729412,0.027847059,0.030282353,0.032505882,0.035047059,0.038329412,0.041823529,0.045741176,0.049976471
Kea,SI,PULP AND PAPER,INDFOL,Fuel Oil,0.001176471,0.001019608,0.000705882,0,0,0,0,0,0,0,0,0
Kea,SI,PULP AND PAPER,INDELC,Electricity,0.000230235,0.000230235,0.000230235,0.006419731,0.006882995,0.00735146,0.007808121,0.008505619,0.009453164,0.010264476,0.011080393,0.012134248
Kea,SI,PULP AND PAPER,INDPET,Petrol,0,0,0,0,0,0,0,0,0,0,0,0
Kea,SI,PULP AND PAPER,INDLPG,LPG,0,0,0,0,0,0,0,0,0,0,0,0
Kea,SI,PULP AND PAPER,INDGEO,Geothermal,0,0,0,0.002504834,0.002710994,0.002948077,0.003164544,0.003411935,0.003731482,0.004071644,0.004453039,0.004865357
Kea,SI,REFINERY,COA,Coal Feedstock,0,0,0,0,0,0,0,0,0,0,0,0
Kea,SI,REFINERY,INDBIG,Biogas,0,0,0,0,0,0,0,0,0,0,0,0
Kea,SI,REFINERY,INDDSL,Diesel,0,0,0,0,0,0,0,0,0,0,0,0
Kea,SI,REFINERY,INDCOA,Coal,0,0,0,0,0,0,0,0,0,0,0,0
Kea,SI,REFINERY,INDNGA,Natural Gas,0,0,0,0,0,0,0,0,0,0,0,0
Kea,SI,REFINERY,NGA,Natural Gas Feedstock,0,0,0,0,0,0,0,0,0,0,0,0
Kea,SI,REFINERY,INDWOD,Wood,0,0,0,0,0,0,0,0,0,0,0,0
Kea,SI,REFINERY,INDFOL,Fuel Oil,0,0,0,0,0,0,0,0,0,0,0,0
Kea,SI,REFINERY,INDELC,Electricity,0,0,0,0,0,0,0,0,0,0,0,0
Kea,SI,REFINERY,INDPET,Petrol,0,0,0,0,0,0,0,0,0,0,0,0
Kea,SI,REFINERY,INDLPG,LPG,0,0,0,0,0,0,0,0,0,0,0,0
Kea,SI,REFINERY,INDGEO,Geothermal,0,0,0,0,0,0,0,0,0,0,0,0
Kea,SI,UREA FEEDSTOCK,COA,Coal Feedstock,0,0,0,0,0,0,0,0,0,0,0,0
Kea,SI,UREA FEEDSTOCK,INDBIG,Biogas,0,0,0,0,0,0,0,0,0,0,0,0
Kea,SI,UREA FEEDSTOCK,INDDSL,Diesel,0,0,0,0,0,0,0,0,0,0,0,0
Kea,SI,UREA FEEDSTOCK,INDCOA,Coal,0,0,0,0,0,0,0,0,0,0,0,0
Kea,SI,UREA FEEDSTOCK,INDNGA,Natural Gas,0,0,0,0,0,0,0,0,0,0,0,0
Kea,SI,UREA FEEDSTOCK,NGA,Natural Gas Feedstock,0,0,0,0,0,0,0,0,0,0,0,0
Kea,SI,UREA FEEDSTOCK,INDWOD,Wood,0,0,0,0,0,0,0,0,0,0,0,0
Kea,SI,UREA FEEDSTOCK,INDFOL,Fuel Oil,0,0,0,0,0,0,0,0,0,0,0,0
Kea,SI,UREA FEEDSTOCK,INDELC,Electricity,0,0,0,0,0,0,0,0,0,0,0,0
Kea,SI,UREA FEEDSTOCK,INDPET,Petrol,0,0,0,0,0,0,0,0,0,0,0,0
Kea,SI,UREA FEEDSTOCK,INDLPG,LPG,0,0,0,0,0,0,0,0,0,0,0,0
Kea,SI,UREA FEEDSTOCK,INDGEO,Geothermal,0,0,0,0,0,0,0,0,0,0,0,0
Kea,SI,WOOD PROCESSING,COA,Coal Feedstock,0,0,0,0,0,0,0,0,0,0,0,0
Kea,SI,WOOD PROCESSING,INDBIG,Biogas,0,0,0,0,0,0,0,0,0,0,0,0
Kea,SI,WOOD PROCESSING,INDDSL,Diesel,0,0,0,0,0,0,0,0,0,0,0,0
Kea,SI,WOOD PROCESSING,INDCOA,Coal,0,0,0,0,0,0,0,0,0,0,0,0
Kea,SI,WOOD PROCESSING,INDNGA,Natural Gas,1.022988506,0,0,0,0,0,0,0,0,0,0,0
Kea,SI,WOOD PROCESSING,NGA,Natural Gas Feedstock,0,0,0,0,0,0,0,0,0,0,0,0
Kea,SI,WOOD PROCESSING,INDWOD,Wood,0,0,0,0,0,0,0,0,0,0,0,0
Kea,SI,WOOD PROCESSING,INDFOL,Fuel Oil,0,0,0,0,0,0,0,0,0,0,0,0
Kea,SI,WOOD PROCESSING,INDELC,Electricity,0,0,0,0,0,0,0,0,0,0,0,0
Kea,SI,WOOD PROCESSING,INDPET,Petrol,0,0,0,0,0,0,0,0,0,0,0,0
Kea,SI,WOOD PROCESSING,INDLPG,LPG,0,0,0,0,0,0,0,0,0,0,0,0
Kea,SI,WOOD PROCESSING,INDGEO,Geothermal,0,0,0,0,0,0,0,0,0,0,0,0
Tui,NI,CHEMICAL,COA,Coal Feedstock,0,0,0,0,0,0,0,0,0,0,0,0
Tui,NI,CHEMICAL,INDBIG,Biogas,0,0,0,0,0,0,0,0,0,0,0,0
Tui,NI,CHEMICAL,INDDSL,Diesel,0,0,0,0,0,0,0,0,0,0,0,0
Tui,NI,CHEMICAL,INDCOA,Coal,0,0,0,0,0.018175714,0.020442857,0.022015714,0.022015714,0.017027143,0.012227143,0.008781429,0.006308571
Tui,NI,CHEMICAL,INDNGA,Natural Gas,8.32637931,8.331533525,8.341841954,9.030468799,9.248043836,9.635390086,9.664665238,10.03744251,5.428047549,2.579080884,1.560189677,1.04559
Tui,NI,CHEMICAL,NGA,Natural Gas Feedstock,0,0,0,0,0,0,0,0,0,0,0,0
Tui,NI,CHEMICAL,INDWOD,Wood,0,0,0,0,0.930699832,1.832248739,2.701479339,3.289775757,4.183821461,4.292935473,3.381957994,2.505527395
Tui,NI,CHEMICAL,INDFOL,Fuel Oil,0.372794118,0.3505,0.354441176,0,0,0,0,0,0,0,0,0
Tui,NI,CHEMICAL,INDELC,Electricity,1.835639556,1.824532832,1.822325384,1.919466351,1.889092593,2.124888889,2.288351852,2.464259259,1.769703704,1.331644769,0.956263472,0.686817037
Tui,NI,CHEMICAL,INDPET,Petrol,0,0,0,0,0,0,0,0,0,0,0,0
Tui,NI,CHEMICAL,INDLPG,LPG,0,0,0,0,0,0,0,0,0,0,0,0
Tui,NI,CHEMICAL,INDGEO,Geothermal,0,0,0,0,0,0,0,0,0,0,0,0
Tui,NI,CONSTRUCTION,COA,Coal Feedstock,0,0,0,0,0,0,0,0,0,0,0,0
Tui,NI,CONSTRUCTION,INDBIG,Biogas,0,0,0,0,0,0,0,0,0,0,0,0
Tui,NI,CONSTRUCTION,INDDSL,Diesel,7.161616162,7.112508418,7.10520202,6.846724918,7.745317156,8.756011601,9.456055556,10.4100392,10.72022222,10.88172222,11.04586111,11.21263889
Tui,NI,CONSTRUCTION,INDCOA,Coal,0,0,0,0,0,0,0,0,0,0,0,0
Tui,NI,CONSTRUCTION,INDNGA,Natural Gas,0.461538462,0.46974359,0.486153846,1.010653846,1.076153846,1.149807692,1.200846154,0.978407256,0.781230769,0.793,0.804961538,0.817115385
Tui,NI,CONSTRUCTION,NGA,Natural Gas Feedstock,0,0,0,0,0,0,0,0,0,0,0,0
Tui,NI,CONSTRUCTION,INDWOD,Wood,0,0,0,0,0,0,0,0,0,0,0,0
Tui,NI,CONSTRUCTION,INDFOL,Fuel Oil,0,0,0,0,0,0,0,0,0,0,0,0
Tui,NI,CONSTRUCTION,INDELC,Electricity,0.533333333,0.532592593,0.531111111,0.879678957,0.865822556,0.974063297,1.048962963,1.129722222,1.146703704,1.163944444,1.181574074,1.199333333
Tui,NI,CONSTRUCTION,INDPET,Petrol,0,0,0,0,0,0,0,0,0,0,0,0
Tui,NI,CONSTRUCTION,INDLPG,LPG,0,0,0,0,0,0,0,0,0,0,0,0
Tui,NI,CONSTRUCTION,INDGEO,Geothermal,0,0,0,0,0,0,0,0,0,0,0,0
Tui,NI,DAIRY PRODUCTS,COA,Coal Feedstock,0,0,0,0,0,0,0,0,0,0,0,0
Tui,NI,DAIRY PRODUCTS,INDBIG,Biogas,0,0,0,0,0,0,0,0,0,0,0,0
Tui,NI,DAIRY PRODUCTS,INDDSL,Diesel,0.082352941,0.080705882,0.083411765,0.245089412,0,0.001324308,0,0,0,0,0,0
Tui,NI,DAIRY PRODUCTS,INDCOA,Coal,8.7875,8.786333333,8.786875,1.127292565,0,0,0,0.048259516,0,0,0,0
Tui,NI,DAIRY PRODUCTS,INDNGA,Natural Gas,5.666666667,5.633256705,5.632758621,14.42260454,0,0,0,0.000730231,0,0,0,0
Tui,NI,DAIRY PRODUCTS,NGA,Natural Gas Feedstock,0,0,0,0,0,0,0,0,0,0,0,0
Tui,NI,DAIRY PRODUCTS,INDWOD,Wood,0,0,0,0,17.19597224,19.36437452,21.05008729,22.62250998,21.84414612,19.02196904,18.08931565,17.35155306
Tui,NI,DAIRY PRODUCTS,INDFOL,Fuel Oil,0,0,0,0,0,0,0,0,0,0,0,0
Tui,NI,DAIRY PRODUCTS,INDELC,Electricity,2.593413322,2.54504173,2.54504173,2.910931208,3.326079967,3.741260819,4.029031553,4.338852051,4.18098087,4.45561906,4.344148925,4.202977303
Tui,NI,DAIRY PRODUCTS,INDPET,Petrol,0,0,0,0,0,0,0,0,0,0,0,0
Tui,NI,DAIRY PRODUCTS,INDLPG,LPG,0.275862069,0.275862069,0.27,0,0,0,0,0,0,0,0,0
Tui,NI,DAIRY PRODUCTS,INDGEO,Geothermal,0.154619409,0.156062524,0.158948753,0.326838631,0.3478009,0.371383452,0.22876354,0.246370567,0.237391303,0.22876354,0.220455323,0.212434699
Tui,NI,FOOD PROCESSING,COA,Coal Feedstock,0,0,0,0,0,0,0,0,0,0,0,0
Tui,NI,FOOD PROCESSING,INDBIG,Biogas,0,0,0,0,0.491437177,0.552800467,0.595305342,0.641077842,0.617761235,0.59528988,0.573638009,0.552774697
Tui,NI,FOOD PROCESSING,INDDSL,Diesel,0,0,0,0,0,0,0,0,0,0,0,0
Tui,NI,FOOD PROCESSING,INDCOA,Coal,0,0,0,9.924778267,9.962398267,10.50356702,13.68356477,13.86493854,14.55481555,14.02156555,13.5077768,13.0126968
Tui,NI,FOOD PROCESSING,INDNGA,Natural Gas,11.18666667,11.17777241,11.18297241,3.60446918,4.712856651,5.947532226,4.223323376,5.34866956,4.056117077,3.911992077,3.773337077,3.639542077
Tui,NI,FOOD PROCESSING,NGA,Natural Gas Feedstock,0,0,0,0,0,0,0,0,0,0,0,0
Tui,NI,FOOD PROCESSING,INDWOD,Wood,0,0,0,0,0,0,0,0,0,0,0,0
Tui,NI,FOOD PROCESSING,INDFOL,Fuel Oil,0,0,0,0,0,0,0,0,0,0,0,0
Tui,NI,FOOD PROCESSING,INDELC,Electricity,2.121869852,2.104455037,2.099255037,2.236099378,2.331644444,2.622714815,2.82457037,3.041692593,2.931066667,2.824440741,2.721644444,2.622714815
Tui,NI,FOOD PROCESSING,INDPET,Petrol,0,0,0,0,0,0,0,0,0,0,0,0
Tui,NI,FOOD PROCESSING,INDLPG,LPG,0,0,0,0,0,0,0,0,0,0,0,0
Tui,NI,FOOD PROCESSING,INDGEO,Geothermal,0,0,0,0,0,0,0,0,0,0,0,0
Tui,NI,IRON&STEEL,COA,Coal Feedstock,18.5,18.5,18.5,18.5,18.5,18.5,18.5,18.5,18.5,18.5,18.5,18.5
Tui,NI,IRON&STEEL,INDBIG,Biogas,0,0,0,0,0,0,0,0,0,0,0,0
Tui,NI,IRON&STEEL,INDDSL,Diesel,0,0,0,0,0,0,0,0,0,0,0,0
Tui,NI,IRON&STEEL,INDCOA,Coal,0,0,0,0,0.095087143,0.095087143,0.095087143,0,0.095087143,0.095087143,0.095087143,0.095087143
Tui,NI,IRON&STEEL,INDNGA,Natural Gas,0.725,0.726208333,0.728625,2.281715,2.02456375,2.02456375,2.02456375,2.107765,2.02456375,1.55309,1.55309,1.55309
Tui,NI,IRON&STEEL,NGA,Natural Gas Feedstock,0,0,0,0,0,0,0,0,0,0,0,0
Tui,NI,IRON&STEEL,INDWOD,Wood,0,0,0,0,0.760697143,0.760697143,0.760697143,0.760697143,0.760697143,0.760697143,0.760697143,0.760697143
Tui,NI,IRON&STEEL,INDFOL,Fuel Oil,0,0,0,0,0,0,0,0,0,0,0,0
Tui,NI,IRON&STEEL,INDELC,Electricity,2.953703704,2.925180556,2.922763889,2.511956296,1.988518519,2.236759259,2.408777778,2.593888889,2.633037037,3.144177454,3.184492269,3.225455231
Tui,NI,IRON&STEEL,INDPET,Petrol,0,0,0,0,0,0,0,0,0,0,0,0
Tui,NI,IRON&STEEL,INDLPG,LPG,0,0,0,0,0,0,0,0,0,0,0,0
Tui,NI,IRON&STEEL,INDGEO,Geothermal,0,0,0,0,0,0,0,0,0,0,0,0
Tui,NI,MEAT PROCESSING,COA,Coal Feedstock,0,0,0,0,0,0,0,0,0,0,0,0
Tui,NI,MEAT PROCESSING,INDBIG,Biogas,0,0,0,0,0,0,0,0,0,0,0,0
Tui,NI,MEAT PROCESSING,INDDSL,Diesel,0,0,0,0,0,0,0,0,0,0,0,0
Tui,NI,MEAT PROCESSING,INDCOA,Coal,0.8125,0.810833333,0.8075,0.0012364,0.0012364,0.0012364,0.0012364,0.000531005,0,0,0,0
Tui,NI,MEAT PROCESSING,INDNGA,Natural Gas,1.471264368,1.451302682,1.457356322,0,0.05125,0.057625,0.062,0.066875,0.064375,0.062,0.05975,0.057625
Tui,NI,MEAT PROCESSING,NGA,Natural Gas Feedstock,0,0,0,0,0,0,0,0,0,0,0,0
Tui,NI,MEAT PROCESSING,INDWOD,Wood,0.035294118,0.033764706,0.030705882,2.577895153,2.899895153,3.262130447,3.513071624,3.783970819,3.646823529,3.514117647,3.386352941,3.263176471
Tui,NI,MEAT PROCESSING,INDFOL,Fuel Oil,0,0,0,0,0,0,0,0,0,0,0,0
Tui,NI,MEAT PROCESSING,INDELC,Electricity,1.940749741,1.915934926,1.915934926,2.17868129,2.293496296,2.580025926,2.778285185,2.992018519,2.883088889,2.778285185,2.677207407,2.579796296
Tui,NI,MEAT PROCESSING,INDPET,Petrol,0,0,0,0,0,0,0,0,0,0,0,0
Tui,NI,MEAT PROCESSING,INDLPG,LPG,0,0,0,0,0,0,0,0,0,0,0,0
Tui,NI,MEAT PROCESSING,INDGEO,Geothermal,0,0,0,0,0,0,0,0,0,0,0,0
Tui,NI,METALS,COA,Coal Feedstock,0,0,0,0,0,0,0,0,0,0,0,0
Tui,NI,METALS,INDBIG,Biogas,0,0,0,0,0,0,0,0,0,0,0,0
Tui,NI,METALS,INDDSL,Diesel,0,0,0,0,0,0,0,0,0,0,0,0
Tui,NI,METALS,INDCOA,Coal,0,0,0,0,0.088637143,0.099702857,0.10737,0.10737,0.117368571,0.119138571,0.120934286,0.122755714
Tui,NI,METALS,INDNGA,Natural Gas,1.9625,1.963333333,1.965,2.3435,1.9382325,2.18009,2.34783625,2.53555625,2.5664725,2.01443,2.04476,2.075635
Tui,NI,METALS,NGA,Natural Gas Feedstock,0,0,0,0,0,0,0,0,0,0,0,0
Tui,NI,METALS,INDWOD,Wood,0,0,0,0,0.709097143,0.797622857,0.85896,0.924994286,0.938948571,0.953108571,0.967474286,0.982045714
Tui,NI,METALS,INDFOL,Fuel Oil,0.05,0.048916667,0.052375,0,0,0,0,0,0,0,0,0
Tui,NI,METALS,INDELC,Electricity,1.51212963,1.50237963,1.49725463,1.63497037,1.6436,1.848851852,1.991003704,2.14402963,2.176392593,2.799973194,2.842217685,2.884978565
Tui,NI,METALS,INDPET,Petrol,0,0,0,0,0,0,0,0,0,0,0,0
Tui,NI,METALS,INDLPG,LPG,0,0,0,0,0,0,0,0,0,0,0,0
Tui,NI,METALS,INDGEO,Geothermal,0,0,0,0,0,0,0,0,0,0,0,0
Tui,NI,METHANOL,COA,Coal Feedstock,0,0,0,0,0,0,0,0,0,0,0,0
Tui,NI,METHANOL,INDBIG,Biogas,0,0,0,0,0,0,0,0,0,0,0,0
Tui,NI,METHANOL,INDDSL,Diesel,0,0,0,0,0,0,0,0,0,0,0,0
Tui,NI,METHANOL,INDCOA,Coal,0,0,0,0,0,0,0,0,0,0,0,0
Tui,NI,METHANOL,INDNGA,Natural Gas,16.46,16.46,16.46,16.4618,16.4618,16.4618,16.4618,16.4618,16.4618,0,0,0
Tui,NI,METHANOL,NGA,Natural Gas Feedstock,41.07,41.06,41.06,41.0689,41.0689,41.0689,41.0689,41.0689,41.0689,0,0,0
Tui,NI,METHANOL,INDWOD,Wood,0,0,0,0,0,0,0,0,0,0,0,0
Tui,NI,METHANOL,INDFOL,Fuel Oil,0,0,0,0,0,0,0,0,0,0,0,0
Tui,NI,METHANOL,INDELC,Electricity,0,0,0,0,0,0,0,0,0,0,0,0
Tui,NI,METHANOL,INDPET,Petrol,0,0,0,0,0,0,0,0,0,0,0,0
Tui,NI,METHANOL,INDLPG,LPG,0,0,0,0,0,0,0,0,0,0,0,0
Tui,NI,METHANOL,INDGEO,Geothermal,0,0,0,0,0,0,0,0,0,0,0,0
Tui,NI,MINERAL,COA,Coal Feedstock,0,0,0,0,0,0,0,0,0,0,0,0
Tui,NI,MINERAL,INDBIG,Biogas,0,0,0,0,0,0,0,0,0,0,0,0
Tui,NI,MINERAL,INDDSL,Diesel,0,0,0,0,0,0,0,0,0,0,0,0
Tui,NI,MINERAL,INDCOA,Coal,2.957142857,2.954952381,2.950571429,3.142622857,3.166605714,3.19358,3.212265714,3.19357655,1.31290909,0.290374286,0.294754286,0.299194286
Tui,NI,MINERAL,INDNGA,Natural Gas,2.194252874,2.19591954,2.199252874,2.890636034,2.056911034,2.631238534,3.029088534,3.484347111,4.907523709,4.74278,4.81432,4.88684
Tui,NI,MINERAL,NGA,Natural Gas Feedstock,0,0,0,0,0,0,0,0,0,0,0,0
Tui,NI,MINERAL,INDWOD,Wood,0.6,0.597714286,0.593142857,0.593142857,2.392828908,2.68874084,2.893873613,3.121896706,3.492580454,3.186523697,3.234504874,3.283318992
Tui,NI,MINERAL,INDFOL,Fuel Oil,0,0,0,0,0,0,0,0,0,0,0,0
Tui,NI,MINERAL,INDELC,Electricity,0.94537037,0.920305556,0.924805556,0.859555556,0.845962963,0.951611111,1.024722222,1.103537037,1.120259259,2.576883611,2.615712222,2.655097593
Tui,NI,MINERAL,INDPET,Petrol,0,0,0,0,0,0,0,0,0,0,0,0
Tui,NI,MINERAL,INDLPG,LPG,0,0,0,0,0,0,0,0,0,0,0,0
Tui,NI,MINERAL,INDGEO,Geothermal,0,0,0,0,0,0,0,0,0,0,0,0
Tui,NI,MINING,COA,Coal Feedstock,0,0,0,0,0,0,0,0,0,0,0,0
Tui,NI,MINING,INDBIG,Biogas,0,0,0,0,0,0,0,0,0,0,0,0
Tui,NI,MINING,INDDSL,Diesel,9.055555556,3.962828283,3.959191919,4.005877451,4.280432622,4.814543733,5.184888889,5.583361111,5.667805556,5.752777778,5.839861111,5.928
Tui,NI,MINING,INDCOA,Coal,0,0,0,0,0,0,0,0,0,0,0,0
Tui,NI,MINING,INDNGA,Natural Gas,0.16091954,0.16045977,0.15954023,0.202045977,0.513969054,0.552892131,0.579892131,0.608930592,0.499812551,0.419230769,0.425576923,0.432
Tui,NI,MINING,NGA,Natural Gas Feedstock,0,0,0,0,0,0,0,0,0,0,0,0
Tui,NI,MINING,INDWOD,Wood,0,0,0,0,0.037905882,0.068494118,0.089670588,0.112376471,0.235184167,0.328941176,0.333882353,0.338941176
Tui,NI,MINING,INDFOL,Fuel Oil,2.035294118,0.024,0.024941176,0.010729412,0,0,0,0,0,0,0,0
Tui,NI,MINING,INDELC,Electricity,1.466666667,1.467259259,1.468444444,1.801195497,1.773023606,1.994431014,2.147833333,2.312981481,2.347851852,2.383240741,2.419148148,2.455574074
Tui,NI,MINING,INDPET,Petrol,0,0,0,0,0,0,0,0,0,0,0,0
Tui,NI,MINING,INDLPG,LPG,0,0,0,0,0,0,0,0,0,0,0,0
Tui,NI,MINING,INDGEO,Geothermal,0,0,0,0,0,0,0,0,0,0,0,0
Tui,NI,OTHER,COA,Coal Feedstock,0,0,0,0,0,0,0,0,0,0,0,0
Tui,NI,OTHER,INDBIG,Biogas,0.04,0.03,0.03,0.0447,0.0502,0.0565,0.0609,0.0655,0.0665,0.0675,0.0685,0.0696
Tui,NI,OTHER,INDDSL,Diesel,4.04,4.03,4.03,4.5417,5.1088,5.7467,6.1886,6.6645,6.7649,6.8669,6.9704,7.0755
Tui,NI,OTHER,INDCOA,Coal,1,1,1,1.1278,1.2686,1.427,1.5367,1.6549,1.6798,1.7052,1.7309,1.757
Tui,NI,OTHER,INDNGA,Natural Gas,1.06,1.05,1.05,1.1871,1.3354,1.5021,1.6176,1.742,1.7682,1.7949,1.822,1.8494
Tui,NI,OTHER,NGA,Natural Gas Feedstock,0,0,0,0,0,0,0,0,0,0,0,0
Tui,NI,OTHER,INDWOD,Wood,0,0,0,0,0,0,0,0,0,0,0,0
Tui,NI,OTHER,INDFOL,Fuel Oil,0.01,0,0,0.0093,0.0105,0.0118,0.0127,0.0136,0.0138,0.014,0.0143,0.0145
Tui,NI,OTHER,INDELC,Electricity,4.08,4.08,4.08,4.5937,5.1673,5.8125,6.2594,6.7407,6.8423,6.9455,7.0502,7.1565
Tui,NI,OTHER,INDPET,Petrol,0.05,0.05,0.05,0.0564,0.0634,0.0714,0.0769,0.0828,0.084,0.0853,0.0866,0.0879
Tui,NI,OTHER,INDLPG,LPG,2.65,2.65,2.65,2.9852,3.3579,3.7772,4.0676,4.3804,4.4464,4.5134,4.5815,4.6506
Tui,NI,OTHER,INDGEO,Geothermal,0,0,0,0,0,0,0,0,0,0,0,0
Tui,NI,PULP AND PAPER,COA,Coal Feedstock,0,0,0,0,0,0,0,0,0,0,0,0
Tui,NI,PULP AND PAPER,INDBIG,Biogas,0,0,0,0,0,0,0,0,0,0,0,0
Tui,NI,PULP AND PAPER,INDDSL,Diesel,0,0,0,0,0,0,0,0,0,0,0,0
Tui,NI,PULP AND PAPER,INDCOA,Coal,0.1625,0.163708333,0.166125,25.54355519,27.91550079,31.91482821,31.91847535,31.91847535,31.77600975,31.66267007,32.46582269,32.4716984
Tui,NI,PULP AND PAPER,INDNGA,Natural Gas,3.886637931,2.498430651,3.870804598,1.30975,1.382792525,1.290627851,1.611857638,1.590783803,1.61375375,1.42864,1.54844,1.67841
Tui,NI,PULP AND PAPER,NGA,Natural Gas Feedstock,0,0,0,0,0,0,0,0,0,0,0,0
Tui,NI,PULP AND PAPER,INDWOD,Wood,28.70588235,28.70737255,28.71035294,8.173689232,10.65506684,12.3348949,20.20621186,24.21803421,29.01632158,34.06515691,38.6660284,44.46657529
Tui,NI,PULP AND PAPER,INDFOL,Fuel Oil,0.117355294,0,0.109176471,0,0,0,0,0,0,0,0,0
Tui,NI,PULP AND PAPER,INDELC,Electricity,6.154840992,4.048174325,4.048174325,4.572079219,5.037451922,5.66656204,6.102282751,6.571427924,7.122561878,8.040371624,8.71476982,9.445797854
Tui,NI,PULP AND PAPER,INDPET,Petrol,0,0,0,0,0,0,0,0,0,0,0,0
Tui,NI,PULP AND PAPER,INDLPG,LPG,0,0,0,0,0,0,0,0,0,0,0,0
Tui,NI,PULP AND PAPER,INDGEO,Geothermal,5.937640961,5.27214253,3.941145668,7.515245474,7.961518321,8.463516004,4.87009908,5.244566674,5.684448586,6.161232997,6.678012295,7.238136568
Tui,NI,REFINERY,COA,Coal Feedstock,0,0,0,0,0,0,0,0,0,0,0,0
Tui,NI,REFINERY,INDBIG,Biogas,0,0,0,0,0,0,0,0,0,0,0,0
Tui,NI,REFINERY,INDDSL,Diesel,0,0,0,0,0,0,0,0,0,0,0,0
Tui,NI,REFINERY,INDCOA,Coal,0,0,0,0,0.12546,0.141128571,0.15198,0.15198,0.11754,0.084411429,0.060621429,0.043538571
Tui,NI,REFINERY,INDNGA,Natural Gas,3.370258621,3.358764368,3.358764368,3.431885057,3.211137557,3.544747557,3.745677615,4.024384308,2.726678175,1.418030345,0.99015,0.71113
Tui,NI,REFINERY,NGA,Natural Gas Feedstock,0,0,0,0,0,0,0,0,0,0,0,0
Tui,NI,REFINERY,INDWOD,Wood,0,0,0,0,1.072738824,1.275734454,1.447134118,1.578278242,1.293345368,1.053291429,0.78532437,0.564073277
Tui,NI,REFINERY,INDFOL,Fuel Oil,0,0,0,0,0,0,0,0,0,0,0,0
Tui,NI,REFINERY,INDELC,Electricity,0.933333333,0.918518519,0.918518519,1.043259259,1.026796296,1.155,1.243796296,1.339462963,0.961981481,1.109336296,0.796673843,0.572230602
Tui,NI,REFINERY,INDPET,Petrol,0,0,0,0,0,0,0,0,0,0,0,0
Tui,NI,REFINERY,INDLPG,LPG,0,0,0,0,0,0,0,0,0,0,0,0
Tui,NI,REFINERY,INDGEO,Geothermal,0,0,0,0,0,0,0,0,0,0,0,0
Tui,NI,UREA FEEDSTOCK,COA,Coal Feedstock,0,0,0,0,0,0,0,0,0,0,0,0
Tui,NI,UREA FEEDSTOCK,INDBIG,Biogas,0,0,0,0,0,0,0,0,0,0,0,0
Tui,NI,UREA FEEDSTOCK,INDDSL,Diesel,0,0,0,0,0,0,0,0,0,0,0,0
Tui,NI,UREA FEEDSTOCK,INDCOA,Coal,0,0,0,0,0,0,0,0,0,0,0,0
Tui,NI,UREA FEEDSTOCK,INDNGA,Natural Gas,0,0,0,0,0,0,0,0,0,0,0,0
Tui,NI,UREA FEEDSTOCK,NGA,Natural Gas Feedstock,3.99,3.99,3.99,4.4912,5.052,5.6828,6.1197,6.5903,4.7329,3.399,2.4411,1.7531
Tui,NI,UREA FEEDSTOCK,INDWOD,Wood,0,0,0,0,0,0,0,0,0,0,0,0
Tui,NI,UREA FEEDSTOCK,INDFOL,Fuel Oil,0,0,0,0,0,0,0,0,0,0,0,0
Tui,NI,UREA FEEDSTOCK,INDELC,Electricity,0,0,0,0,0,0,0,0,0,0,0,0
Tui,NI,UREA FEEDSTOCK,INDPET,Petrol,0,0,0,0,0,0,0,0,0,0,0,0
Tui,NI,UREA FEEDSTOCK,INDLPG,LPG,0,0,0,0,0,0,0,0,0,0,0,0
Tui,NI,UREA FEEDSTOCK,INDGEO,Geothermal,0,0,0,0,0,0,0,0,0,0,0,0
Tui,NI,WOOD PROCESSING,COA,Coal Feedstock,0,0,0,0,0,0,0,0,0,0,0,0
Tui,NI,WOOD PROCESSING,INDBIG,Biogas,0,0,0,0,0,0,0,0,0,0,0,0
Tui,NI,WOOD PROCESSING,INDDSL,Diesel,0.047058824,0,0.048,0,0,0,0,0,0,0,0,0
Tui,NI,WOOD PROCESSING,INDCOA,Coal,0.225,0.226,0.228,17.0840625,19.27672916,21.809583,21.81061157,21.81061157,24.0145955,26.385818,26.30303782,26.91124674
Tui,NI,WOOD PROCESSING,INDNGA,Natural Gas,0.815229885,0.490162835,0.807787356,0.3085,0.287694351,0.285845262,0.33942541,0.345406878,0.35815625,0.29778,2.762124182,2.789144182
Tui,NI,WOOD PROCESSING,NGA,Natural Gas Feedstock,0,0,0,0,0,0,0,0,0,0,0,0
Tui,NI,WOOD PROCESSING,INDWOD,Wood,15.63823529,15.42321569,14.99317647,0,0.095177143,0.10704,2.34974889,4.129408271,4.139831128,4.151111128,4.163351128,6.225981053
Tui,NI,WOOD PROCESSING,INDFOL,Fuel Oil,0.035294118,0,0.034823529,0,0,0,0,0,0,0,0,0
Tui,NI,WOOD PROCESSING,INDELC,Electricity,6.490075098,4.759312835,4.770595906,5.397344004,5.839671445,6.568981432,7.074023037,7.617897841,8.256895865,9.039902906,9.798073219,10.61993615
Tui,NI,WOOD PROCESSING,INDPET,Petrol,0,0,0,0,0,0,0,0,0,0,0,0
Tui,NI,WOOD PROCESSING,INDLPG,LPG,0,0,0,0,0,0,0,0,0,0,0,0
Tui,NI,WOOD PROCESSING,INDGEO,Geothermal,0.556629874,0.558072989,0.560959218,2.188637741,2.391879801,2.620489752,2.217891733,2.388426634,2.588751541,2.805888732,3.041229781,3.296320883
Tui,SI,CHEMICAL,COA,Coal Feedstock,0,0,0,0,0,0,0,0,0,0,0,0
Tui,SI,CHEMICAL,INDBIG,Biogas,0,0,0,0,0,0,0,0,0,0,0,0
Tui,SI,CHEMICAL,INDDSL,Diesel,0,0,0,0,0,0,0,0,0,0,0,0
Tui,SI,CHEMICAL,INDCOA,Coal,0,0,0,0,0,0,0,0,0,0,0,0
Tui,SI,CHEMICAL,INDNGA,Natural Gas,0,0,0,0,0,0,0,0,0,0,0,0
Tui,SI,CHEMICAL,NGA,Natural Gas Feedstock,0,0,0,0,0,0,0,0,0,0,0,0
Tui,SI,CHEMICAL,INDWOD,Wood,0,0,0,0,0,0,0,0,0,0,0,0
Tui,SI,CHEMICAL,INDFOL,Fuel Oil,0,0,0,0,0,0,0,0,0,0,0,0
Tui,SI,CHEMICAL,INDELC,Electricity,0,0,0,0,0,0,0,0,0,0,0,0
Tui,SI,CHEMICAL,INDPET,Petrol,0,0,0,0,0,0,0,0,0,0,0,0
Tui,SI,CHEMICAL,INDLPG,LPG,0,0,0,0,0,0,0,0,0,0,0,0
Tui,SI,CHEMICAL,INDGEO,Geothermal,0,0,0,0,0,0,0,0,0,0,0,0
Tui,SI,CONSTRUCTION,COA,Coal Feedstock,0,0,0,0,0,0,0,0,0,0,0,0
Tui,SI,CONSTRUCTION,INDBIG,Biogas,0,0,0,0,0,0,0,0,0,0,0,0
Tui,SI,CONSTRUCTION,INDDSL,Diesel,0,0,0,0.790909091,0,0,0,0,0,0,0,0
Tui,SI,CONSTRUCTION,INDCOA,Coal,0,0,0,0,0,0,0,0,0,0,0,0
Tui,SI,CONSTRUCTION,INDNGA,Natural Gas,0,0,0,0,0,0,0,0,0,0,0,0
Tui,SI,CONSTRUCTION,NGA,Natural Gas Feedstock,0,0,0,0,0,0,0,0,0,0,0,0
Tui,SI,CONSTRUCTION,INDWOD,Wood,0,0,0,0,0,0,0,0,0,0,0,0
Tui,SI,CONSTRUCTION,INDFOL,Fuel Oil,0,0,0,0,0,0,0,0,0,0,0,0
Tui,SI,CONSTRUCTION,INDELC,Electricity,0.222222222,0.222222222,0.222222222,0,0.253809268,0.285444444,0.307351852,0.331074074,0.336,0.341055556,0.346240741,0.351425926
Tui,SI,CONSTRUCTION,INDPET,Petrol,0,0,0,0,0,0,0,0,0,0,0,0
Tui,SI,CONSTRUCTION,INDLPG,LPG,0,0,0,0,0,0,0,0,0,0,0,0
Tui,SI,CONSTRUCTION,INDGEO,Geothermal,0,0,0,0,0,0,0,0,0,0,0,0
Tui,SI,DAIRY PRODUCTS,COA,Coal Feedstock,0,0,0,0,0,0,0,0,0,0,0,0
Tui,SI,DAIRY PRODUCTS,INDBIG,Biogas,0,0,0,0,0,0,0,0,0,0,0,0
Tui,SI,DAIRY PRODUCTS,INDDSL,Diesel,0.029411765,0.02945098,0.034705882,0.102003529,0,0.000551365,0,0,0,0,0,0
Tui,SI,DAIRY PRODUCTS,INDCOA,Coal,6.1875,6.1875,6.1875,6.997375,3.181895503,0,0,0.045875,0,0,0,0
Tui,SI,DAIRY PRODUCTS,INDNGA,Natural Gas,0,0,0,0,0,0,0,0,0,0,0,0
Tui,SI,DAIRY PRODUCTS,NGA,Natural Gas Feedstock,0,0,0,0,0,0,0,0,0,0,0,0
Tui,SI,DAIRY PRODUCTS,INDWOD,Wood,0,0,0,0,4.162491762,8.059855929,8.761459765,9.391955059,9.091794824,7.893274353,7.529097765,7.222097294
Tui,SI,DAIRY PRODUCTS,INDFOL,Fuel Oil,0,0,0,0,0,0,0,0,0,0,0,0
Tui,SI,DAIRY PRODUCTS,INDELC,Electricity,1.044961906,1.044961906,1.044961906,1.211483298,1.384265706,1.557273629,1.676951323,1.805836486,1.740175171,1.859534423,1.808173811,1.749311208
Tui,SI,DAIRY PRODUCTS,INDPET,Petrol,0,0,0,0,0,0,0,0,0,0,0,0
Tui,SI,DAIRY PRODUCTS,INDLPG,LPG,0.116091954,0.115977011,0.110689655,0,0,0,0,0,0,0,0,0
Tui,SI,DAIRY PRODUCTS,INDGEO,Geothermal,0.065970948,0.066039668,0.066177107,0.136061988,0.144785615,0.154595701,0.09522494,0.102542562,0.098803864,0.09522494,0.09174188,0.088418594
Tui,SI,FOOD PROCESSING,COA,Coal Feedstock,0,0,0,0,0,0,0,0,0,0,0,0
Tui,SI,FOOD PROCESSING,INDBIG,Biogas,0,0,0,0,0.022182731,0.024950419,0.026867699,0.028934445,0.027883034,0.026867699,0.025893597,0.024950419
Tui,SI,FOOD PROCESSING,INDDSL,Diesel,0,0,0,0,0,0,0,0,0,0,0,0
Tui,SI,FOOD PROCESSING,INDCOA,Coal,0.529,0.528933333,0.5288,0.59901,0.63398,0.70012875,0.59796875,0.528084309,0.272048718,0.08686875,0.02226,0.02146
Tui,SI,FOOD PROCESSING,INDNGA,Natural Gas,0,0,0,0,0.0041275,0.0046475,0.005005,0.00537875,0.00518375,0.005005,0.00481,0.0046475
Tui,SI,FOOD PROCESSING,NGA,Natural Gas Feedstock,0,0,0,0,0,0,0,0,0,0,0,0
Tui,SI,FOOD PROCESSING,INDWOD,Wood,0,0,0,0,0,0,0.041576471,0.153843004,0.371170618,0.522611765,0.561505882,0.541052941
Tui,SI,FOOD PROCESSING,INDFOL,Fuel Oil,0,0,0,0,0,0,0,0,0,0,0,0
Tui,SI,FOOD PROCESSING,INDELC,Electricity,0.638598593,0.638665259,0.638798593,0.749820854,0.820957963,0.936392428,1.120011446,1.206133047,1.162196141,1.120011446,1.079192318,1.040192428
Tui,SI,FOOD PROCESSING,INDPET,Petrol,0,0,0,0,0,0,0,0,0,0,0,0
Tui,SI,FOOD PROCESSING,INDLPG,LPG,0,0,0,0,0,0,0,0,0,0,0,0
Tui,SI,FOOD PROCESSING,INDGEO,Geothermal,0,0,0,0,0,0,0,0,0,0,0,0
Tui,SI,IRON&STEEL,COA,Coal Feedstock,0,0,0,0,0,0,0,0,0,0,0,0
Tui,SI,IRON&STEEL,INDBIG,Biogas,0,0,0,0,0,0,0,0,0,0,0,0
Tui,SI,IRON&STEEL,INDDSL,Diesel,0,0,0,0,0,0,0,0,0,0,0,0
Tui,SI,IRON&STEEL,INDCOA,Coal,0,0,0,0,0,0,0,0,0,0,0,0
Tui,SI,IRON&STEEL,INDNGA,Natural Gas,0,0,0,0,0,0,0,0,0,0,0,0
Tui,SI,IRON&STEEL,NGA,Natural Gas Feedstock,0,0,0,0,0,0,0,0,0,0,0,0
Tui,SI,IRON&STEEL,INDWOD,Wood,0,0,0,0,0,0,0,0,0,0,0,0
Tui,SI,IRON&STEEL,INDFOL,Fuel Oil,0,0,0,0,0,0,0,0,0,0,0,0
Tui,SI,IRON&STEEL,INDELC,Electricity,0,0,0,0,0,0,0,0,0,0,0,0
Tui,SI,IRON&STEEL,INDPET,Petrol,0,0,0,0,0,0,0,0,0,0,0,0
Tui,SI,IRON&STEEL,INDLPG,LPG,0,0,0,0,0,0,0,0,0,0,0,0
Tui,SI,IRON&STEEL,INDGEO,Geothermal,0,0,0,0,0,0,0,0,0,0,0,0
Tui,SI,MEAT PROCESSING,COA,Coal Feedstock,0,0,0,0,0,0,0,0,0,0,0,0
Tui,SI,MEAT PROCESSING,INDBIG,Biogas,0,0,0,0,0,0,0,0,0,0,0,0
Tui,SI,MEAT PROCESSING,INDDSL,Diesel,0,0,0,0,0,0,0,0,0,0,0,0
Tui,SI,MEAT PROCESSING,INDCOA,Coal,0.97308,0.97308,0.973125,0,0,0,0,0,0,0,0,0
Tui,SI,MEAT PROCESSING,INDNGA,Natural Gas,0,0,0,0,0.00277875,0.00312,0.00336375,0.0036075,0.0034775,0.00336375,0.00323375,0.00312
Tui,SI,MEAT PROCESSING,NGA,Natural Gas Feedstock,0,0,0,0,0,0,0,0,0,0,0,0
Tui,SI,MEAT PROCESSING,INDWOD,Wood,0.037101176,0.037101176,0.037058824,1.073411765,1.207529412,1.358235294,1.462705882,1.575176471,1.517882353,1.462705882,1.409411765,1.358235294
Tui,SI,MEAT PROCESSING,INDFOL,Fuel Oil,0,0,0,0,0,0,0,0,0,0,0,0
Tui,SI,MEAT PROCESSING,INDELC,Electricity,1.106395296,0.786299296,0.786299296,0.90690456,0.969444426,1.090560863,1.174332921,1.264667942,1.218697659,1.174332921,1.131629305,1.090431233
Tui,SI,MEAT PROCESSING,INDPET,Petrol,0,0,0,0,0,0,0,0,0,0,0,0
Tui,SI,MEAT PROCESSING,INDLPG,LPG,0,0,0,0,0,0,0,0,0,0,0,0
Tui,SI,MEAT PROCESSING,INDGEO,Geothermal,0,0,0,0,0,0,0,0,0,0,0,0
Tui,SI,METALS,COA,Coal Feedstock,0,0,0,0,0,0,0,0,0,0,0,0
Tui,SI,METALS,INDBIG,Biogas,0,0,0,0,0,0,0,0,0,0,0,0
Tui,SI,METALS,INDDSL,Diesel,0,0,0,0,0,0,0,0,0,0,0,0
Tui,SI,METALS,INDCOA,Coal,0,0,0,0,0.015167143,0.017061429,0.018372857,0.019787143,0.020082857,0.020387143,0.020695714,0.021004286
Tui,SI,METALS,INDNGA,Natural Gas,0,0,0,0,0,0,0,0,0,0,0,0
Tui,SI,METALS,NGA,Natural Gas Feedstock,0,0,0,0,0,0,0,0,0,0,0,0
Tui,SI,METALS,INDWOD,Wood,0,0,0,0,0.121337143,0.136491429,0.146982857,0.158297143,0.160662857,0.163097143,0.165565714,0.168034286
Tui,SI,METALS,INDFOL,Fuel Oil,0.33375,0.321458333,0.334,0.39325,9.24E-05,9.24E-05,9.24E-05,0.000181964,0,0,0,0
Tui,SI,METALS,INDELC,Electricity,0.362546296,0.362337963,0.349796296,0.402125926,0.727189509,0.817922009,0.880781546,0.948474842,0.962864167,0.977483657,0.992224028,1.007064398
Tui,SI,METALS,INDPET,Petrol,0,0,0,0,0,0,0,0,0,0,0,0
Tui,SI,METALS,INDLPG,LPG,0,0,0,0,0,0,0,0,0,0,0,0
Tui,SI,METALS,INDGEO,Geothermal,0,0,0,0,0,0,0,0,0,0,0,0
Tui,SI,METHANOL,COA,Coal Feedstock,0,0,0,0,0,0,0,0,0,0,0,0
Tui,SI,METHANOL,INDBIG,Biogas,0,0,0,0,0,0,0,0,0,0,0,0
Tui,SI,METHANOL,INDDSL,Diesel,0,0,0,0,0,0,0,0,0,0,0,0
Tui,SI,METHANOL,INDCOA,Coal,0,0,0,0,0,0,0,0,0,0,0,0
Tui,SI,METHANOL,INDNGA,Natural Gas,0,0,0,0,0,0,0,0,0,0,0,0
Tui,SI,METHANOL,NGA,Natural Gas Feedstock,0,0,0,0,0,0,0,0,0,0,0,0
Tui,SI,METHANOL,INDWOD,Wood,0,0,0,0,0,0,0,0,0,0,0,0
Tui,SI,METHANOL,INDFOL,Fuel Oil,0,0,0,0,0,0,0,0,0,0,0,0
Tui,SI,METHANOL,INDELC,Electricity,0,0,0,0,0,0,0,0,0,0,0,0
Tui,SI,METHANOL,INDPET,Petrol,0,0,0,0,0,0,0,0,0,0,0,0
Tui,SI,METHANOL,INDLPG,LPG,0,0,0,0,0,0,0,0,0,0,0,0
Tui,SI,METHANOL,INDGEO,Geothermal,0,0,0,0,0,0,0,0,0,0,0,0
Tui,SI,MINERAL,COA,Coal Feedstock,0,0,0,0,0,0,0,0,0,0,0,0
Tui,SI,MINERAL,INDBIG,Biogas,0,0,0,0,0,0,0,0,0,0,0,0
Tui,SI,MINERAL,INDDSL,Diesel,0,0,0,0,0,0,0,0,0,0,0,0
Tui,SI,MINERAL,INDCOA,Coal,0,0,0,0,0,0,0,0,0,0,0,0
Tui,SI,MINERAL,INDNGA,Natural Gas,0,0,0,0,0,0,0,0,0,0,0,0
Tui,SI,MINERAL,NGA,Natural Gas Feedstock,0,0,0,0,0,0,0,0,0,0,0,0
Tui,SI,MINERAL,INDWOD,Wood,0,0,0,0,0,0,0,0,0,0,0,0
Tui,SI,MINERAL,INDFOL,Fuel Oil,0,0,0,0,0,0,0,0,0,0,0,0
Tui,SI,MINERAL,INDELC,Electricity,0,0,0,0,0,0,0,0,0,0,0,0
Tui,SI,MINERAL,INDPET,Petrol,0,0,0,0,0,0,0,0,0,0,0,0
Tui,SI,MINERAL,INDLPG,LPG,0,0,0,0,0,0,0,0,0,0,0,0
Tui,SI,MINERAL,INDGEO,Geothermal,0,0,0,0,0,0,0,0,0,0,0,0
Tui,SI,MINING,COA,Coal Feedstock,0,0,0,0,0,0,0,0,0,0,0,0
Tui,SI,MINING,INDBIG,Biogas,0,0,0,0,0,0,0,0,0,0,0,0
Tui,SI,MINING,INDDSL,Diesel,0,0,0,0,0,0,0,0,0,0,0,0
Tui,SI,MINING,INDCOA,Coal,0,0,0,0,0,0,0,0,0,0,0,0
Tui,SI,MINING,INDNGA,Natural Gas,0,0,0,0,0,0,0,0,0,0,0,0
Tui,SI,MINING,NGA,Natural Gas Feedstock,0,0,0,0,0,0,0,0,0,0,0,0
Tui,SI,MINING,INDWOD,Wood,0,0,0,0,0,0,0,0,0,0,0,0
Tui,SI,MINING,INDFOL,Fuel Oil,0,0,0,0,0,0,0,0,0,0,0,0
Tui,SI,MINING,INDELC,Electricity,0,0,0,0,0,0,0,0,0,0,0,0
Tui,SI,MINING,INDPET,Petrol,0,0,0,0,0,0,0,0,0,0,0,0
Tui,SI,MINING,INDLPG,LPG,0,0,0,0,0,0,0,0,0,0,0,0
Tui,SI,MINING,INDGEO,Geothermal,0,0,0,0,0,0,0,0,0,0,0,0
Tui,SI,OTHER,COA,Coal Feedstock,0,0,0,0,0,0,0,0,0,0,0,0
Tui,SI,OTHER,INDBIG,Biogas,0.01,0.01,0.01,0.0152,0.0171,0.0193,0.0208,0.0224,0.0227,0.023,0.0234,0.0237
Tui,SI,OTHER,INDDSL,Diesel,1.37,1.37,1.37,1.5501,1.7437,1.9614,2.1122,2.2746,2.3089,2.3437,2.3791,2.4149
Tui,SI,OTHER,INDCOA,Coal,0.34,0.34,0.34,0.3849,0.433,0.487,0.5245,0.5648,0.5733,0.582,0.5908,0.5997
Tui,SI,OTHER,INDNGA,Natural Gas,0,0,0,0,0,0,0,0,0,0,0,0
Tui,SI,OTHER,NGA,Natural Gas Feedstock,0,0,0,0,0,0,0,0,0,0,0,0
Tui,SI,OTHER,INDWOD,Wood,0,0,0,0,0,0,0,0,0,0,0,0
Tui,SI,OTHER,INDFOL,Fuel Oil,0,0,0,0.0032,0.0036,0.004,0.0043,0.0047,0.0047,0.0048,0.0049,0.0049
Tui,SI,OTHER,INDELC,Electricity,1.39,1.39,1.39,1.5679,1.7636,1.9839,2.1364,2.3007,2.3353,2.3705,2.4063,2.4426
Tui,SI,OTHER,INDPET,Petrol,0.01,0.01,0.01,0.0193,0.0217,0.0244,0.0262,0.0282,0.0287,0.0291,0.0295,0.03
Tui,SI,OTHER,INDLPG,LPG,0.9,0.9,0.9,1.0189,1.1461,1.2892,1.3883,1.4951,1.5176,1.5405,1.5637,1.5873
Tui,SI,OTHER,INDGEO,Geothermal,0,0,0,0,0,0,0,0,0,0,0,0
Tui,SI,PULP AND PAPER,COA,Coal Feedstock,0,0,0,0,0,0,0,0,0,0,0,0
Tui,SI,PULP AND PAPER,INDBIG,Biogas,0,0,0,0,0,0,0,0,0,0,0,0
Tui,SI,PULP AND PAPER,INDDSL,Diesel,0,0,0,0,0,0,0,0,0,0,0,0
Tui,SI,PULP AND PAPER,INDCOA,Coal,0.02375,0.023916667,0.02425,0.02835,0.03195,0.03195,0.03195,0.03195,0.015775672,0,0,0
Tui,SI,PULP AND PAPER,INDNGA,Natural Gas,0,0,0,0,0,0,0,0,0,0,0,0
Tui,SI,PULP AND PAPER,NGA,Natural Gas Feedstock,0,0,0,0,0,0,0,0,0,0,0,0
Tui,SI,PULP AND PAPER,INDWOD,Wood,0,0,0,0,0,0.003705882,0.006352941,0.009105882,0.027611133,0.046058824,0.049870588,0.054105882
Tui,SI,PULP AND PAPER,INDFOL,Fuel Oil,0.001176471,0.001019608,0.000705882,0,0,0,0,0,0,0,0,0
Tui,SI,PULP AND PAPER,INDELC,Electricity,0.000230235,0.000230235,0.000230235,0.006531242,0.007215824,0.008159873,0.008862573,0.009564675,0.010373685,0.011318331,0.012134248,0.013188103
Tui,SI,PULP AND PAPER,INDPET,Petrol,0,0,0,0,0,0,0,0,0,0,0,0
Tui,SI,PULP AND PAPER,INDLPG,LPG,0,0,0,0,0,0,0,0,0,0,0,0
Tui,SI,PULP AND PAPER,INDGEO,Geothermal,0,0,0,0.002597606,0.002927461,0.003288239,0.003545938,0.003813945,0.004133492,0.004483963,0.004855049,0.005267368
Tui,SI,REFINERY,COA,Coal Feedstock,0,0,0,0,0,0,0,0,0,0,0,0
Tui,SI,REFINERY,INDBIG,Biogas,0,0,0,0,0,0,0,0,0,0,0,0
Tui,SI,REFINERY,INDDSL,Diesel,0,0,0,0,0,0,0,0,0,0,0,0
Tui,SI,REFINERY,INDCOA,Coal,0,0,0,0,0,0,0,0,0,0,0,0
Tui,SI,REFINERY,INDNGA,Natural Gas,0,0,0,0,0,0,0,0,0,0,0,0
Tui,SI,REFINERY,NGA,Natural Gas Feedstock,0,0,0,0,0,0,0,0,0,0,0,0
Tui,SI,REFINERY,INDWOD,Wood,0,0,0,0,0,0,0,0,0,0,0,0
Tui,SI,REFINERY,INDFOL,Fuel Oil,0,0,0,0,0,0,0,0,0,0,0,0
Tui,SI,REFINERY,INDELC,Electricity,0,0,0,0,0,0,0,0,0,0,0,0
Tui,SI,REFINERY,INDPET,Petrol,0,0,0,0,0,0,0,0,0,0,0,0
Tui,SI,REFINERY,INDLPG,LPG,0,0,0,0,0,0,0,0,0,0,0,0
Tui,SI,REFINERY,INDGEO,Geothermal,0,0,0,0,0,0,0,0,0,0,0,0
Tui,SI,UREA FEEDSTOCK,COA,Coal Feedstock,0,0,0,0,0,0,0,0,0,0,0,0
Tui,SI,UREA FEEDSTOCK,INDBIG,Biogas,0,0,0,0,0,0,0,0,0,0,0,0
Tui,SI,UREA FEEDSTOCK,INDDSL,Diesel,0,0,0,0,0,0,0,0,0,0,0,0
Tui,SI,UREA FEEDSTOCK,INDCOA,Coal,0,0,0,0,0,0,0,0,0,0,0,0
Tui,SI,UREA FEEDSTOCK,INDNGA,Natural Gas,0,0,0,0,0,0,0,0,0,0,0,0
Tui,SI,UREA FEEDSTOCK,NGA,Natural Gas Feedstock,0,0,0,0,0,0,0,0,0,0,0,0
Tui,SI,UREA FEEDSTOCK,INDWOD,Wood,0,0,0,0,0,0,0,0,0,0,0,0
Tui,SI,UREA FEEDSTOCK,INDFOL,Fuel Oil,0,0,0,0,0,0,0,0,0,0,0,0
Tui,SI,UREA FEEDSTOCK,INDELC,Electricity,0,0,0,0,0,0,0,0,0,0,0,0
Tui,SI,UREA FEEDSTOCK,INDPET,Petrol,0,0,0,0,0,0,0,0,0,0,0,0
Tui,SI,UREA FEEDSTOCK,INDLPG,LPG,0,0,0,0,0,0,0,0,0,0,0,0
Tui,SI,UREA FEEDSTOCK,INDGEO,Geothermal,0,0,0,0,0,0,0,0,0,0,0,0
Tui,SI,WOOD PROCESSING,COA,Coal Feedstock,0,0,0,0,0,0,0,0,0,0,0,0
Tui,SI,WOOD PROCESSING,INDBIG,Biogas,0,0,0,0,0,0,0,0,0,0,0,0
Tui,SI,WOOD PROCESSING,INDDSL,Diesel,0,0,0,0,0,0,0,0,0,0,0,0
Tui,SI,WOOD PROCESSING,INDCOA,Coal,0,0,0,0,0,0,0,0,0,0,0,0
Tui,SI,WOOD PROCESSING,INDNGA,Natural Gas,1.022988506,0,0,0,0,0,0,0,0,0,0,0
Tui,SI,WOOD PROCESSING,NGA,Natural Gas Feedstock,0,0,0,0,0,0,0,0,0,0,0,0
Tui,SI,WOOD PROCESSING,INDWOD,Wood,0,0,0,0,0,0,0,0,0,0,0,0
Tui,SI,WOOD PROCESSING,INDFOL,Fuel Oil,0,0,0,0,0,0,0,0,0,0,0,0
Tui,SI,WOOD PROCESSING,INDELC,Electricity,0,0,0,0,0,0,0,0,0,0,0,0
Tui,SI,WOOD PROCESSING,INDPET,Petrol,0,0,0,0,0,0,0,0,0,0,0,0
Tui,SI,WOOD PROCESSING,INDLPG,LPG,0,0,0,0,0,0,0,0,0,0,0,0
Tui,SI,WOOD PROCESSING,INDGEO,Geothermal,0,0,0,0,0,0,0,0,0,0,0,0
,,,,,2015,2016,2018,2021,2025,2030,2035,2040,2045,2050,2055,2060
Kea,Total,CHEMICAL,COA,Coal Feedstock,0,0,0,0,0,0,0,0,0,0,0,0
Kea,Total,CHEMICAL,INDBIG,Biogas,0,0,0,0,0,0,0,0,0,0,0,0
Kea,Total,CHEMICAL,INDDSL,Diesel,0,0,0,0,0,0,0,0,0,0,0,0
Kea,Total,CHEMICAL,INDCOA,Coal,0,0,0,0,0.00741,0.005318571,0,0,0.005318571,0.005318571,0.005318571,0.005318571
Kea,Total,CHEMICAL,INDNGA,Natural Gas,8.32637931,8.331533525,8.341841954,5.759300187,4.082442514,0.90834125,0.912995,0.912995,0.90834125,0.88197,0.88197,0.88197
Kea,Total,CHEMICAL,NGA,Natural Gas Feedstock,0,0,0,0,0,0,0,0,0,0,0,0
Kea,Total,CHEMICAL,INDWOD,Wood,0,0,0,0,0.05928,2.113607395,2.113607395,2.113607395,2.113607395,2.113607395,1.492289748,1.492289748
Kea,Total,CHEMICAL,INDFOL,Fuel Oil,0.372794118,0.3505,0.354441176,0.005078725,0,0,0,0,0,0,0,0
Kea,Total,CHEMICAL,INDELC,Electricity,1.835639556,1.824532832,1.822325384,1.226404072,0.77,0.553,0.553,0.553,0.553,0.57937125,0.730262679,0.730262679
Kea,Total,CHEMICAL,INDPET,Petrol,0,0,0,0,0,0,0,0,0,0,0,0
Kea,Total,CHEMICAL,INDLPG,LPG,0,0,0,0,0,0,0,0,0,0,0,0
Kea,Total,CHEMICAL,INDGEO,Geothermal,0,0,0,0,0,0,0,0,0,0,0,0
Kea,Total,CONSTRUCTION,COA,Coal Feedstock,0,0,0,0,0,0,0,0,0,0,0,0
Kea,Total,CONSTRUCTION,INDBIG,Biogas,0,0,0,0,0,0,0,0,0,0,0,0
Kea,Total,CONSTRUCTION,INDDSL,Diesel,7.161616162,7.112508418,7.10520202,6.240922021,6.440880116,6.646713449,7.1845,7.964316982,8.867722222,9.69,10.58827778,11.57047222
Kea,Total,CONSTRUCTION,INDCOA,Coal,0,0,0,0,0,0,0,0,0,0,0,0
Kea,Total,CONSTRUCTION,INDNGA,Natural Gas,0.461538462,0.46974359,0.486153846,0.966538462,0.981115385,0.996115385,1.035307692,0.800176486,0.646230769,0.706153846,0.771615385,0.843192308
Kea,Total,CONSTRUCTION,NGA,Natural Gas Feedstock,0,0,0,0,0,0,0,0,0,0,0,0
Kea,Total,CONSTRUCTION,INDWOD,Wood,0,0,0,0,0,0,0,0,0,0,0,0
Kea,Total,CONSTRUCTION,INDFOL,Fuel Oil,0,0,0,0,0,0,0,0,0,0,0,0
Kea,Total,CONSTRUCTION,INDELC,Electricity,0.755555556,0.754814815,0.753333333,1.042045168,0.939290102,0.967808621,1.042222222,1.122333333,1.226425926,1.340240741,1.464425926,1.600277778
Kea,Total,CONSTRUCTION,INDPET,Petrol,0,0,0,0,0,0,0,0,0,0,0,0
Kea,Total,CONSTRUCTION,INDLPG,LPG,0,0,0,0,0,0,0,0,0,0,0,0
Kea,Total,CONSTRUCTION,INDGEO,Geothermal,0,0,0,0,0,0,0,0,0,0,0,0
Kea,Total,DAIRY PRODUCTS,COA,Coal Feedstock,0,0,0,0,0,0,0,0,0,0,0,0
Kea,Total,DAIRY PRODUCTS,INDBIG,Biogas,0,0,0,0,0,0,0,0,0,0,0,0
Kea,Total,DAIRY PRODUCTS,INDDSL,Diesel,0.111764706,0.110156863,0.118117647,0.260477647,0,0.00156421,0,0,0,0,0,0
Kea,Total,DAIRY PRODUCTS,INDCOA,Coal,14.975,14.973125,14.974375,7.120701014,1.681820428,0,0,0,0,0,0,0
Kea,Total,DAIRY PRODUCTS,INDNGA,Natural Gas,5.666666667,5.633908046,5.632758621,12.20751631,0.009042063,0,0,0,0,0,0,0
Kea,Total,DAIRY PRODUCTS,NGA,Natural Gas Feedstock,0,0,0,0,0,0,0,0,0,0,0,0
Kea,Total,DAIRY PRODUCTS,INDWOD,Wood,0,0,0,0,16.21154713,17.14520355,18.74191388,20.05501647,21.75171165,21.99745239,23.43620647,25.54483765
Kea,Total,DAIRY PRODUCTS,INDFOL,Fuel Oil,0,0,0,0,0,0,0,0,0,0,0,0
Kea,Total,DAIRY PRODUCTS,INDELC,Electricity,3.638375228,3.590003636,3.590003636,3.531456937,3.45689921,3.331138595,3.587082332,3.890033628,4.284666465,5.054856641,5.650102784,6.187612248
Kea,Total,DAIRY PRODUCTS,INDPET,Petrol,0,0,0,0,0,0,0,0,0,0,0,0
Kea,Total,DAIRY PRODUCTS,INDLPG,LPG,0.391954023,0.39183908,0.380689655,0,0,0,0,0,0,0,0,0
Kea,Total,DAIRY PRODUCTS,INDGEO,Geothermal,0.220590358,0.222102192,0.22512586,0.428804978,0.421391492,0.414265599,0.203679117,0.21933691,0.239660085,0.261900541,0.286186096,0.312708479
Kea,Total,FOOD PROCESSING,COA,Coal Feedstock,0,0,0,0,0,0,0,0,0,0,0,0
Kea,Total,FOOD PROCESSING,INDBIG,Biogas,0,0,0,0,0.376926042,0.363221609,0.391151028,0.421224503,0.460281366,0.502966631,0.549599845,0.600562402
Kea,Total,FOOD PROCESSING,INDDSL,Diesel,0,0,0,0,0,0,0,0,0,0,0,0
Kea,Total,FOOD PROCESSING,INDCOA,Coal,0.529,0.528933333,0.5288,0.78607,0.7414325,0.718335,0.27252,0.29348,0.3207,0.35042,0.3829,0.41842
Kea,Total,FOOD PROCESSING,INDNGA,Natural Gas,11.18666667,11.17777241,11.18297241,10.66866667,9.955800776,9.593815977,10.33148539,11.12580207,12.15749293,13.28473355,14.51661109,15.86269504
Kea,Total,FOOD PROCESSING,NGA,Natural Gas Feedstock,0,0,0,0,0,0,0,0,0,0,0,0
Kea,Total,FOOD PROCESSING,INDWOD,Wood,0,0,0,0,0,0,0.366364706,0.394529412,0.431076471,0.471088235,0.514676471,0.5624
Kea,Total,FOOD PROCESSING,INDFOL,Fuel Oil,0,0,0,0,0,0,0,0,0,0,0,0
Kea,Total,FOOD PROCESSING,INDELC,Electricity,2.760468444,2.743120296,2.73805363,2.542822819,2.286001669,2.198888402,2.479746408,2.670487355,2.918382692,3.188826536,3.484489618,3.807528233
Kea,Total,FOOD PROCESSING,INDPET,Petrol,0,0,0,0,0,0,0,0,0,0,0,0
Kea,Total,FOOD PROCESSING,INDLPG,LPG,0,0,0,0,0,0,0,0,0,0,0,0
Kea,Total,FOOD PROCESSING,INDGEO,Geothermal,0,0,0,0,0,0,0,0,0,0,0,0
Kea,Total,IRON&STEEL,COA,Coal Feedstock,18.5,18.5,18.5,18.5,18.5,18.5,18.5,18.5,18.5,18.5,18.5,18.5
Kea,Total,IRON&STEEL,INDBIG,Biogas,0,0,0,0,0,0,0,0,0,0,0,0
Kea,Total,IRON&STEEL,INDDSL,Diesel,0,0,0,0,0,0,0,0,0,0,0,0
Kea,Total,IRON&STEEL,INDCOA,Coal,0,0,0,0,0.095087143,0.095087143,0,0,0.095087143,0.095087143,0.095087143,0.095087143
Kea,Total,IRON&STEEL,INDNGA,Natural Gas,0.725,0.726208333,0.728625,2.281715,2.02456375,2.02456375,2.107765,2.107765,1.55309,1.55309,1.55309,1.55309
Kea,Total,IRON&STEEL,NGA,Natural Gas Feedstock,0,0,0,0,0,0,0,0,0,0,0,0
Kea,Total,IRON&STEEL,INDWOD,Wood,0,0,0,0,0.760697143,0.760697143,0.760697143,0.760697143,0.760697143,0.760697143,0.760697143,0.760697143
Kea,Total,IRON&STEEL,INDFOL,Fuel Oil,0,0,0,0,0,0,0,0,0,0,0,0
Kea,Total,IRON&STEEL,INDELC,Electricity,2.953703704,2.925180556,2.922763889,1.389141481,0.785296296,0.785296296,0.785296296,0.785296296,1.256770046,1.256770046,1.256770046,1.256770046
Kea,Total,IRON&STEEL,INDPET,Petrol,0,0,0,0,0,0,0,0,0,0,0,0
Kea,Total,IRON&STEEL,INDLPG,LPG,0,0,0,0,0,0,0,0,0,0,0,0
Kea,Total,IRON&STEEL,INDGEO,Geothermal,0,0,0,0,0,0,0,0,0,0,0,0
Kea,Total,MEAT PROCESSING,COA,Coal Feedstock,0,0,0,0,0,0,0,0,0,0,0,0
Kea,Total,MEAT PROCESSING,INDBIG,Biogas,0,0,0,0,0,0,0,0,0,0,0,0
Kea,Total,MEAT PROCESSING,INDDSL,Diesel,0,0,0,0,0,0,0,0,0,0,0,0
Kea,Total,MEAT PROCESSING,INDCOA,Coal,1.78558,1.783913333,1.780625,0.0367364,0.0012364,0.0012364,0.0012364,0,0,0,0,0
Kea,Total,MEAT PROCESSING,INDNGA,Natural Gas,1.471264368,1.451302682,1.457356322,2.15748377,2.118634273,2.041447147,2.031482339,2.20175877,1.200078601,1.440188285,1.653114506,2.078549227
Kea,Total,MEAT PROCESSING,NGA,Natural Gas Feedstock,0,0,0,0,0,0,0,0,0,0,0,0
Kea,Total,MEAT PROCESSING,INDWOD,Wood,0.072395294,0.070865882,0.067764706,0.886117647,0.886117647,0.853882353,1.090457788,1.161163671,2.2430893,2.343442241,2.343442241,2.260737394
Kea,Total,MEAT PROCESSING,INDFOL,Fuel Oil,0,0,0,0,0,0,0,0,0,0,0,0
Kea,Total,MEAT PROCESSING,INDELC,Electricity,3.047145037,2.702234222,2.702234222,2.643231779,2.394463448,2.307622751,2.485017097,2.676224395,3.067649241,3.338734273,3.723420905,4.08052589
Kea,Total,MEAT PROCESSING,INDPET,Petrol,0,0,0,0,0,0,0,0,0,0,0,0
Kea,Total,MEAT PROCESSING,INDLPG,LPG,0,0,0,0,0,0,0,0,0,0,0,0
Kea,Total,MEAT PROCESSING,INDGEO,Geothermal,0,0,0,0,0,0,0,0,0,0,0,0
Kea,Total,METALS,COA,Coal Feedstock,0,0,0,0,0,0,0,0,0,0,0,0
Kea,Total,METALS,INDBIG,Biogas,0,0,0,0,0,0,0,0,0,0,0,0
Kea,Total,METALS,INDDSL,Diesel,0,0,0,0,0,0,0,0,0,0,0,0
Kea,Total,METALS,INDCOA,Coal,0,0,0,0,0.076178571,0.07341,0.01155,0.012437143,0.093025714,0.101652857,0.111077143,0.121375714
Kea,Total,METALS,INDNGA,Natural Gas,1.9625,1.963333333,1.965,2.007625,1.4223675,1.3706225,1.535,1.653045,1.7368525,1.467585,1.60367,1.752435
Kea,Total,METALS,NGA,Natural Gas Feedstock,0,0,0,0,0,0,0,0,0,0,0,0
Kea,Total,METALS,INDWOD,Wood,0,0,0,0,0.609428571,0.58728,0.6324,0.681017143,0.744205714,0.813222857,0.888617143,0.971005714
Kea,Total,METALS,INDFOL,Fuel Oil,0.38375,0.370375,0.386375,0.336875,9.24E-05,9.24E-05,9.24E-05,0.000167543,0,0,0,0
Kea,Total,METALS,INDELC,Electricity,1.874675926,1.864717593,1.847050926,1.745148148,1.739798676,1.676621176,1.805326361,1.944184402,2.124719074,2.752108009,3.007184537,3.285984954
Kea,Total,METALS,INDPET,Petrol,0,0,0,0,0,0,0,0,0,0,0,0
Kea,Total,METALS,INDLPG,LPG,0,0,0,0,0,0,0,0,0,0,0,0
Kea,Total,METALS,INDGEO,Geothermal,0,0,0,0,0,0,0,0,0,0,0,0
Kea,Total,METHANOL,COA,Coal Feedstock,0,0,0,0,0,0,0,0,0,0,0,0
Kea,Total,METHANOL,INDBIG,Biogas,0,0,0,0,0,0,0,0,0,0,0,0
Kea,Total,METHANOL,INDDSL,Diesel,0,0,0,0,0,0,0,0,0,0,0,0
Kea,Total,METHANOL,INDCOA,Coal,0,0,0,0,0,0,0,0,0,0,0,0
Kea,Total,METHANOL,INDNGA,Natural Gas,16.46,16.46,16.46,16.4618,16.4618,16.4618,0,0,0,0,0,0
Kea,Total,METHANOL,NGA,Natural Gas Feedstock,41.07,41.06,41.06,41.0689,41.0689,41.0689,0,0,0,0,0,0
Kea,Total,METHANOL,INDWOD,Wood,0,0,0,0,0,0,0,0,0,0,0,0
Kea,Total,METHANOL,INDFOL,Fuel Oil,0,0,0,0,0,0,0,0,0,0,0,0
Kea,Total,METHANOL,INDELC,Electricity,0,0,0,0,0,0,0,0,0,0,0,0
Kea,Total,METHANOL,INDPET,Petrol,0,0,0,0,0,0,0,0,0,0,0,0
Kea,Total,METHANOL,INDLPG,LPG,0,0,0,0,0,0,0,0,0,0,0,0
Kea,Total,METHANOL,INDGEO,Geothermal,0,0,0,0,0,0,0,0,0,0,0,0
Kea,Total,MINERAL,COA,Coal Feedstock,0,0,0,0,0,0,0,0,0,0,0,0
Kea,Total,MINERAL,INDBIG,Biogas,0,0,0,0,0,0,0,0,0,0,0,0
Kea,Total,MINERAL,INDDSL,Diesel,0,0,0,0,0,0,0,0,0,0,0,0
Kea,Total,MINERAL,INDCOA,Coal,2.957142857,2.954952381,2.950571429,3.126478571,3.13181,3.13181,0,0,0.241733539,0.25857,0.282548571,0.308747143
Kea,Total,MINERAL,INDNGA,Natural Gas,2.194252874,2.19591954,2.199252874,2.386990733,1.269155733,1.390850733,4.397372512,4.785075041,4.413203214,4.301861724,4.779143908,5.222272299
Kea,Total,MINERAL,NGA,Natural Gas Feedstock,0,0,0,0,0,0,0,0,0,0,0,0
Kea,Total,MINERAL,INDWOD,Wood,0.6,0.597714286,0.593142857,0.593142857,2.058933782,2.119206723,2.330056706,2.453759563,2.970650809,2.757101176,2.932576807,3.204471261
Kea,Total,MINERAL,INDFOL,Fuel Oil,0,0,0,0,0,0,0,0,0,0,0,0
Kea,Total,MINERAL,INDELC,Electricity,0.94537037,0.920305556,0.924805556,0.787259259,0.709722222,0.731240741,0.7875,0.848037037,1.242225707,2.294613287,2.507358889,2.739926806
Kea,Total,MINERAL,INDPET,Petrol,0,0,0,0,0,0,0,0,0,0,0,0
Kea,Total,MINERAL,INDLPG,LPG,0,0,0,0,0,0,0,0,0,0,0,0
Kea,Total,MINERAL,INDGEO,Geothermal,0,0,0,0,0,0,0,0,0,0,0,0
Kea,Total,MINING,COA,Coal Feedstock,0,0,0,0,0,0,0,0,0,0,0,0
Kea,Total,MINING,INDBIG,Biogas,0,0,0,0,0,0,0,0,0,0,0,0
Kea,Total,MINING,INDDSL,Diesel,9.055555556,3.962828283,3.959191919,3.668333333,3.590472222,3.699722222,3.984194444,4.290305556,4.68825,5.122611111,5.598138889,6.116944444
Kea,Total,MINING,INDCOA,Coal,0,0,0,0,0,0,0,0,0,0,0,0
Kea,Total,MINING,INDNGA,Natural Gas,0.16091954,0.16045977,0.15954023,0.194712644,0.45636649,0.464328028,0.467932361,0.50736649,0.425278438,0.403307692,0.470490274,0.514114058
Kea,Total,MINING,NGA,Natural Gas Feedstock,0,0,0,0,0,0,0,0,0,0,0,0
Kea,Total,MINING,INDWOD,Wood,0,0,0,0,0.006,0.012235294,0.046,0.046,0.18240777,0.262235294,0.256,0.279811765
Kea,Total,MINING,INDFOL,Fuel Oil,2.035294118,0.024,0.024941176,0,0,0,0,0,0,0,0,0
Kea,Total,MINING,INDELC,Electricity,1.466666667,1.467259259,1.468444444,1.649925926,1.4875,1.532611111,1.650444444,1.777222222,1.942111111,2.122166667,2.318944444,2.534
Kea,Total,MINING,INDPET,Petrol,0,0,0,0,0,0,0,0,0,0,0,0
Kea,Total,MINING,INDLPG,LPG,0,0,0,0,0,0,0,0,0,0,0,0
Kea,Total,MINING,INDGEO,Geothermal,0,0,0,0,0,0,0,0,0,0,0,0
Kea,Total,OTHER,COA,Coal Feedstock,0,0,0,0,0,0,0,0,0,0,0,0
Kea,Total,OTHER,INDBIG,Biogas,0.05,0.04,0.04,0.0549,0.0565,0.0582,0.0628,0.0676,0.0738,0.0806,0.0881,0.0963
Kea,Total,OTHER,INDDSL,Diesel,5.41,5.4,5.4,5.5797,5.7488,5.923,6.3784,6.8688,7.5058,8.2018,8.9623,9.7934
Kea,Total,OTHER,INDCOA,Coal,1.34,1.34,1.34,1.3856,1.4275,1.4708,1.5838,1.7056,1.8639,2.0366,2.2255,2.4318
Kea,Total,OTHER,INDNGA,Natural Gas,1.06,1.05,1.05,1.0873,1.1203,1.1542,1.243,1.3385,1.4627,1.5983,1.7465,1.9085
Kea,Total,OTHER,NGA,Natural Gas Feedstock,0,0,0,0,0,0,0,0,0,0,0,0
Kea,Total,OTHER,INDWOD,Wood,0,0,0,0,0,0,0,0,0,0,0,0
Kea,Total,OTHER,INDFOL,Fuel Oil,0.01,0,0,0.0114,0.0118,0.0121,0.013,0.0141,0.0153,0.0168,0.0184,0.02
Kea,Total,OTHER,INDELC,Electricity,5.47,5.47,5.47,5.6436,5.8146,5.9908,6.4514,6.9474,7.5917,8.2957,9.0648,9.9054
Kea,Total,OTHER,INDPET,Petrol,0.06,0.06,0.06,0.0693,0.0714,0.0735,0.0793,0.0853,0.0932,0.1018,0.1113,0.1216
Kea,Total,OTHER,INDLPG,LPG,3.55,3.55,3.55,3.6674,3.7786,3.893,4.1924,4.5147,4.9333,5.3908,5.8907,6.4369
Kea,Total,OTHER,INDGEO,Geothermal,0,0,0,0,0,0,0,0,0,0,0,0
Kea,Total,PULP AND PAPER,COA,Coal Feedstock,0,0,0,0,0,0,0,0,0,0,0,0
Kea,Total,PULP AND PAPER,INDBIG,Biogas,0,0,0,0,0,0,0,0,0,0,0,0
Kea,Total,PULP AND PAPER,INDDSL,Diesel,0,0,0,0,0,0,0,0,0,0,0,0
Kea,Total,PULP AND PAPER,INDCOA,Coal,0.18625,0.187625,0.190375,4.424239893,4.463385607,4.463385607,4.424239893,0.002694197,1.933496603,0.058757143,0.064204286,0.070157143
Kea,Total,PULP AND PAPER,INDNGA,Natural Gas,3.886637931,2.498430651,3.870804598,11.6633204,11.4607979,11.18780696,6.914381813,10.66504044,8.174711619,8.679073956,15.07230362,16.46988563
Kea,Total,PULP AND PAPER,NGA,Natural Gas Feedstock,0,0,0,0,0,0,0,0,0,0,0,0
Kea,Total,PULP AND PAPER,INDWOD,Wood,28.70588235,28.70737255,28.71035294,16.09266834,19.37509287,22.99312492,35.217331,39.1121677,44.4854048,50.50508174,49.46837546,50.8791779
Kea,Total,PULP AND PAPER,INDFOL,Fuel Oil,0.118531765,0.001019608,0.109882353,0,0,0,0,0,0,0,0,0
Kea,Total,PULP AND PAPER,INDELC,Electricity,6.155071227,4.04840456,4.04840456,4.411973942,4.683923099,5.076737151,5.4668434,5.887492423,6.433525766,7.321439814,8.000193343,9.513355143
Kea,Total,PULP AND PAPER,INDPET,Petrol,0,0,0,0,0,0,0,0,0,0,0,0
Kea,Total,PULP AND PAPER,INDLPG,LPG,0,0,0,0,0,0,0,0,0,0,0,0
Kea,Total,PULP AND PAPER,INDGEO,Geothermal,5.937640961,5.27214253,3.941145668,7.387509226,7.676575366,7.989885829,4.360040572,4.695296684,5.130674017,5.606427632,6.126299318,6.694371029
Kea,Total,REFINERY,COA,Coal Feedstock,0,0,0,0,0,0,0,0,0,0,0,0
Kea,Total,REFINERY,INDBIG,Biogas,0,0,0,0,0,0,0,0,0,0,0,0
Kea,Total,REFINERY,INDDSL,Diesel,0,0,0,0,0,0,0,0,0,0,0,0
Kea,Total,REFINERY,INDCOA,Coal,0,0,0,0,0.051141429,0.036728571,0,0,0,0.050858571,0.055572857,0.060728571
Kea,Total,REFINERY,INDNGA,Natural Gas,3.370258621,3.358764368,3.358764368,2.421712644,1.336472457,0.7820125,0.876755,0.94411,1.0317,0.83069,0.90769,0.9919
Kea,Total,REFINERY,NGA,Natural Gas Feedstock,0,0,0,0,0,0,0,0,0,0,0,0
Kea,Total,REFINERY,INDWOD,Wood,0,0,0,0,0.409131429,0.475828571,0.512422857,0.551790252,0.602931092,0.658868571,0.637371092,0.696487395
Kea,Total,REFINERY,INDFOL,Fuel Oil,0,0,0,0,0,0,0,0,0,0,0,0
Kea,Total,REFINERY,INDELC,Electricity,0.933333333,0.918518519,0.918518519,0.666074074,0.418574074,0.300611111,0.323685185,0.348574074,0.380851852,0.668414491,0.750484835,0.820038214
Kea,Total,REFINERY,INDPET,Petrol,0,0,0,0,0,0,0,0,0,0,0,0
Kea,Total,REFINERY,INDLPG,LPG,0,0,0,0,0,0,0,0,0,0,0,0
Kea,Total,REFINERY,INDGEO,Geothermal,0,0,0,0,0,0,0,0,0,0,0,0
Kea,Total,UREA FEEDSTOCK,COA,Coal Feedstock,0,0,0,0,0,0,0,0,0,0,0,0
Kea,Total,UREA FEEDSTOCK,INDBIG,Biogas,0,0,0,0,0,0,0,0,0,0,0,0
Kea,Total,UREA FEEDSTOCK,INDDSL,Diesel,0,0,0,0,0,0,0,0,0,0,0,0
Kea,Total,UREA FEEDSTOCK,INDCOA,Coal,0,0,0,0,0,0,0,0,0,0,0,0
Kea,Total,UREA FEEDSTOCK,INDNGA,Natural Gas,0,0,0,0,0,0,0,0,0,0,0,0
Kea,Total,UREA FEEDSTOCK,NGA,Natural Gas Feedstock,3.99,3.99,3.99,2.8674,2.0593,1.4789,1.4789,1.4789,1.4789,1.4789,1.4789,1.4789
Kea,Total,UREA FEEDSTOCK,INDWOD,Wood,0,0,0,0,0,0,0,0,0,0,0,0
Kea,Total,UREA FEEDSTOCK,INDFOL,Fuel Oil,0,0,0,0,0,0,0,0,0,0,0,0
Kea,Total,UREA FEEDSTOCK,INDELC,Electricity,0,0,0,0,0,0,0,0,0,0,0,0
Kea,Total,UREA FEEDSTOCK,INDPET,Petrol,0,0,0,0,0,0,0,0,0,0,0,0
Kea,Total,UREA FEEDSTOCK,INDLPG,LPG,0,0,0,0,0,0,0,0,0,0,0,0
Kea,Total,UREA FEEDSTOCK,INDGEO,Geothermal,0,0,0,0,0,0,0,0,0,0,0,0
Kea,Total,WOOD PROCESSING,COA,Coal Feedstock,0,0,0,0,0,0,0,0,0,0,0,0
Kea,Total,WOOD PROCESSING,INDBIG,Biogas,0,0,0,0,0,0,0,0,0,0,0,0
Kea,Total,WOOD PROCESSING,INDDSL,Diesel,0.047058824,0,0.048,0,0,0,0,0,0,0,0,0
Kea,Total,WOOD PROCESSING,INDCOA,Coal,0.225,0.226,0.228,4.588959887,4.600004173,4.600004173,4.588959887,4.575352261,1.985719411,0.016577143,0.018115714,0.019791429
Kea,Total,WOOD PROCESSING,INDNGA,Natural Gas,1.838218391,0.490162835,0.807787356,4.340261494,4.278162744,4.238733815,2.474125246,4.039617488,5.52428594,5.960737011,6.513476207,7.117397931
Kea,Total,WOOD PROCESSING,NGA,Natural Gas Feedstock,0,0,0,0,0,0,0,0,0,0,0,0
Kea,Total,WOOD PROCESSING,INDWOD,Wood,15.63823529,15.42321569,14.99317647,7.012708342,8.452333216,9.985663128,13.9254424,13.9333624,16.92058509,20.51612303,22.41851395,18.49951182
Kea,Total,WOOD PROCESSING,INDFOL,Fuel Oil,0.035294118,0,0.034823529,0,0,0,0,0,0,0,0,0
Kea,Total,WOOD PROCESSING,INDELC,Electricity,6.490075098,4.759312835,4.770595906,5.20074342,5.421994327,5.876779902,6.328614598,6.81533791,7.453093323,8.219843693,8.98219268,11.2714795
Kea,Total,WOOD PROCESSING,INDPET,Petrol,0,0,0,0,0,0,0,0,0,0,0,0
Kea,Total,WOOD PROCESSING,INDLPG,LPG,0,0,0,0,0,0,0,0,0,0,0,0
Kea,Total,WOOD PROCESSING,INDGEO,Geothermal,0.556629874,0.558072989,0.560959218,2.129325736,2.260875929,2.403455641,1.984169034,2.136726851,2.334866471,2.551364568,2.787942572,3.046466225
Tui,Total,CHEMICAL,COA,Coal Feedstock,0,0,0,0,0,0,0,0,0,0,0,0
Tui,Total,CHEMICAL,INDBIG,Biogas,0,0,0,0,0,0,0,0,0,0,0,0
Tui,Total,CHEMICAL,INDDSL,Diesel,0,0,0,0,0,0,0,0,0,0,0,0
Tui,Total,CHEMICAL,INDCOA,Coal,0,0,0,0,0.018175714,0.020442857,0.022015714,0.022015714,0.017027143,0.012227143,0.008781429,0.006308571
Tui,Total,CHEMICAL,INDNGA,Natural Gas,8.32637931,8.331533525,8.341841954,9.030468799,9.248043836,9.635390086,9.664665238,10.03744251,5.428047549,2.579080884,1.560189677,1.04559
Tui,Total,CHEMICAL,NGA,Natural Gas Feedstock,0,0,0,0,0,0,0,0,0,0,0,0
Tui,Total,CHEMICAL,INDWOD,Wood,0,0,0,0,0.930699832,1.832248739,2.701479339,3.289775757,4.183821461,4.292935473,3.381957994,2.505527395
Tui,Total,CHEMICAL,INDFOL,Fuel Oil,0.372794118,0.3505,0.354441176,0,0,0,0,0,0,0,0,0
Tui,Total,CHEMICAL,INDELC,Electricity,1.835639556,1.824532832,1.822325384,1.919466351,1.889092593,2.124888889,2.288351852,2.464259259,1.769703704,1.331644769,0.956263472,0.686817037
Tui,Total,CHEMICAL,INDPET,Petrol,0,0,0,0,0,0,0,0,0,0,0,0
Tui,Total,CHEMICAL,INDLPG,LPG,0,0,0,0,0,0,0,0,0,0,0,0
Tui,Total,CHEMICAL,INDGEO,Geothermal,0,0,0,0,0,0,0,0,0,0,0,0
Tui,Total,CONSTRUCTION,COA,Coal Feedstock,0,0,0,0,0,0,0,0,0,0,0,0
Tui,Total,CONSTRUCTION,INDBIG,Biogas,0,0,0,0,0,0,0,0,0,0,0,0
Tui,Total,CONSTRUCTION,INDDSL,Diesel,7.161616162,7.112508418,7.10520202,7.637634009,7.745317156,8.756011601,9.456055556,10.4100392,10.72022222,10.88172222,11.04586111,11.21263889
Tui,Total,CONSTRUCTION,INDCOA,Coal,0,0,0,0,0,0,0,0,0,0,0,0
Tui,Total,CONSTRUCTION,INDNGA,Natural Gas,0.461538462,0.46974359,0.486153846,1.010653846,1.076153846,1.149807692,1.200846154,0.978407256,0.781230769,0.793,0.804961538,0.817115385
Tui,Total,CONSTRUCTION,NGA,Natural Gas Feedstock,0,0,0,0,0,0,0,0,0,0,0,0
Tui,Total,CONSTRUCTION,INDWOD,Wood,0,0,0,0,0,0,0,0,0,0,0,0
Tui,Total,CONSTRUCTION,INDFOL,Fuel Oil,0,0,0,0,0,0,0,0,0,0,0,0
Tui,Total,CONSTRUCTION,INDELC,Electricity,0.755555556,0.754814815,0.753333333,0.879678957,1.119631824,1.259507742,1.356314815,1.460796296,1.482703704,1.505,1.527814815,1.550759259
Tui,Total,CONSTRUCTION,INDPET,Petrol,0,0,0,0,0,0,0,0,0,0,0,0
Tui,Total,CONSTRUCTION,INDLPG,LPG,0,0,0,0,0,0,0,0,0,0,0,0
Tui,Total,CONSTRUCTION,INDGEO,Geothermal,0,0,0,0,0,0,0,0,0,0,0,0
Tui,Total,DAIRY PRODUCTS,COA,Coal Feedstock,0,0,0,0,0,0,0,0,0,0,0,0
Tui,Total,DAIRY PRODUCTS,INDBIG,Biogas,0,0,0,0,0,0,0,0,0,0,0,0
Tui,Total,DAIRY PRODUCTS,INDDSL,Diesel,0.111764706,0.110156863,0.118117647,0.347092941,0,0.001875673,0,0,0,0,0,0
Tui,Total,DAIRY PRODUCTS,INDCOA,Coal,14.975,14.97383333,14.974375,8.124667565,3.181895503,0,0,0.094134516,0,0,0,0
Tui,Total,DAIRY PRODUCTS,INDNGA,Natural Gas,5.666666667,5.633256705,5.632758621,14.42260454,0,0,0,0.000730231,0,0,0,0
Tui,Total,DAIRY PRODUCTS,NGA,Natural Gas Feedstock,0,0,0,0,0,0,0,0,0,0,0,0
Tui,Total,DAIRY PRODUCTS,INDWOD,Wood,0,0,0,0,21.358464,27.42423044,29.81154706,32.01446504,30.93594094,26.9152434,25.61841341,24.57365035
Tui,Total,DAIRY PRODUCTS,INDFOL,Fuel Oil,0,0,0,0,0,0,0,0,0,0,0,0
Tui,Total,DAIRY PRODUCTS,INDELC,Electricity,3.638375228,3.590003636,3.590003636,4.122414506,4.710345673,5.298534447,5.705982876,6.144688538,5.921156041,6.315153483,6.152322736,5.952288511
Tui,Total,DAIRY PRODUCTS,INDPET,Petrol,0,0,0,0,0,0,0,0,0,0,0,0
Tui,Total,DAIRY PRODUCTS,INDLPG,LPG,0.391954023,0.39183908,0.380689655,0,0,0,0,0,0,0,0,0
Tui,Total,DAIRY PRODUCTS,INDGEO,Geothermal,0.220590358,0.222102192,0.22512586,0.462900619,0.492586515,0.525979153,0.32398848,0.348913129,0.336195167,0.32398848,0.312197204,0.300853293
Tui,Total,FOOD PROCESSING,COA,Coal Feedstock,0,0,0,0,0,0,0,0,0,0,0,0
Tui,Total,FOOD PROCESSING,INDBIG,Biogas,0,0,0,0,0.513619908,0.577750885,0.622173042,0.670012287,0.645644268,0.62215758,0.599531606,0.577725116
Tui,Total,FOOD PROCESSING,INDDSL,Diesel,0,0,0,0,0,0,0,0,0,0,0,0
Tui,Total,FOOD PROCESSING,INDCOA,Coal,0.529,0.528933333,0.5288,10.52378827,10.59637827,11.20369577,14.28153352,14.39302285,14.82686427,14.1084343,13.5300368,13.0341568
Tui,Total,FOOD PROCESSING,INDNGA,Natural Gas,11.18666667,11.17777241,11.18297241,3.60446918,4.716984151,5.952179726,4.228328376,5.35404831,4.061300827,3.916997077,3.778147077,3.644189577
Tui,Total,FOOD PROCESSING,NGA,Natural Gas Feedstock,0,0,0,0,0,0,0,0,0,0,0,0
Tui,Total,FOOD PROCESSING,INDWOD,Wood,0,0,0,0,0,0,0.041576471,0.153843004,0.371170618,0.522611765,0.561505882,0.541052941
Tui,Total,FOOD PROCESSING,INDFOL,Fuel Oil,0,0,0,0,0,0,0,0,0,0,0,0
Tui,Total,FOOD PROCESSING,INDELC,Electricity,2.760468444,2.743120296,2.73805363,2.985920232,3.152602407,3.559107242,3.944581817,4.247825639,4.093262807,3.944452187,3.800836763,3.662907242
Tui,Total,FOOD PROCESSING,INDPET,Petrol,0,0,0,0,0,0,0,0,0,0,0,0
Tui,Total,FOOD PROCESSING,INDLPG,LPG,0,0,0,0,0,0,0,0,0,0,0,0
Tui,Total,FOOD PROCESSING,INDGEO,Geothermal,0,0,0,0,0,0,0,0,0,0,0,0
Tui,Total,IRON&STEEL,COA,Coal Feedstock,18.5,18.5,18.5,18.5,18.5,18.5,18.5,18.5,18.5,18.5,18.5,18.5
Tui,Total,IRON&STEEL,INDBIG,Biogas,0,0,0,0,0,0,0,0,0,0,0,0
Tui,Total,IRON&STEEL,INDDSL,Diesel,0,0,0,0,0,0,0,0,0,0,0,0
Tui,Total,IRON&STEEL,INDCOA,Coal,0,0,0,0,0.095087143,0.095087143,0.095087143,0,0.095087143,0.095087143,0.095087143,0.095087143
Tui,Total,IRON&STEEL,INDNGA,Natural Gas,0.725,0.726208333,0.728625,2.281715,2.02456375,2.02456375,2.02456375,2.107765,2.02456375,1.55309,1.55309,1.55309
Tui,Total,IRON&STEEL,NGA,Natural Gas Feedstock,0,0,0,0,0,0,0,0,0,0,0,0
Tui,Total,IRON&STEEL,INDWOD,Wood,0,0,0,0,0.760697143,0.760697143,0.760697143,0.760697143,0.760697143,0.760697143,0.760697143,0.760697143
Tui,Total,IRON&STEEL,INDFOL,Fuel Oil,0,0,0,0,0,0,0,0,0,0,0,0
Tui,Total,IRON&STEEL,INDELC,Electricity,2.953703704,2.925180556,2.922763889,2.511956296,1.988518519,2.236759259,2.408777778,2.593888889,2.633037037,3.144177454,3.184492269,3.225455231
Tui,Total,IRON&STEEL,INDPET,Petrol,0,0,0,0,0,0,0,0,0,0,0,0
Tui,Total,IRON&STEEL,INDLPG,LPG,0,0,0,0,0,0,0,0,0,0,0,0
Tui,Total,IRON&STEEL,INDGEO,Geothermal,0,0,0,0,0,0,0,0,0,0,0,0
Tui,Total,MEAT PROCESSING,COA,Coal Feedstock,0,0,0,0,0,0,0,0,0,0,0,0
Tui,Total,MEAT PROCESSING,INDBIG,Biogas,0,0,0,0,0,0,0,0,0,0,0,0
Tui,Total,MEAT PROCESSING,INDDSL,Diesel,0,0,0,0,0,0,0,0,0,0,0,0
Tui,Total,MEAT PROCESSING,INDCOA,Coal,1.78558,1.783913333,1.780625,0.0012364,0.0012364,0.0012364,0.0012364,0.000531005,0,0,0,0
Tui,Total,MEAT PROCESSING,INDNGA,Natural Gas,1.471264368,1.451302682,1.457356322,0,0.05402875,0.060745,0.06536375,0.0704825,0.0678525,0.06536375,0.06298375,0.060745
Tui,Total,MEAT PROCESSING,NGA,Natural Gas Feedstock,0,0,0,0,0,0,0,0,0,0,0,0
Tui,Total,MEAT PROCESSING,INDWOD,Wood,0.072395294,0.070865882,0.067764706,3.651306918,4.107424565,4.620365741,4.975777506,5.359147289,5.164705882,4.976823529,4.795764706,4.621411765
Tui,Total,MEAT PROCESSING,INDFOL,Fuel Oil,0,0,0,0,0,0,0,0,0,0,0,0
Tui,Total,MEAT PROCESSING,INDELC,Electricity,3.047145037,2.702234222,2.702234222,3.08558585,3.262940722,3.670586789,3.952618106,4.256686461,4.101786548,3.952618106,3.808836712,3.67022753
Tui,Total,MEAT PROCESSING,INDPET,Petrol,0,0,0,0,0,0,0,0,0,0,0,0
Tui,Total,MEAT PROCESSING,INDLPG,LPG,0,0,0,0,0,0,0,0,0,0,0,0
Tui,Total,MEAT PROCESSING,INDGEO,Geothermal,0,0,0,0,0,0,0,0,0,0,0,0
Tui,Total,METALS,COA,Coal Feedstock,0,0,0,0,0,0,0,0,0,0,0,0
Tui,Total,METALS,INDBIG,Biogas,0,0,0,0,0,0,0,0,0,0,0,0
Tui,Total,METALS,INDDSL,Diesel,0,0,0,0,0,0,0,0,0,0,0,0
Tui,Total,METALS,INDCOA,Coal,0,0,0,0,0.103804286,0.116764286,0.125742857,0.127157143,0.137451429,0.139525714,0.14163,0.14376
Tui,Total,METALS,INDNGA,Natural Gas,1.9625,1.963333333,1.965,2.3435,1.9382325,2.18009,2.34783625,2.53555625,2.5664725,2.01443,2.04476,2.075635
Tui,Total,METALS,NGA,Natural Gas Feedstock,0,0,0,0,0,0,0,0,0,0,0,0
Tui,Total,METALS,INDWOD,Wood,0,0,0,0,0.830434286,0.934114286,1.005942857,1.083291429,1.099611429,1.116205714,1.13304,1.15008
Tui,Total,METALS,INDFOL,Fuel Oil,0.38375,0.370375,0.386375,0.39325,9.24E-05,9.24E-05,9.24E-05,0.000181964,0,0,0,0
Tui,Total,METALS,INDELC,Electricity,1.874675926,1.864717593,1.847050926,2.037096296,2.370789509,2.666773861,2.87178525,3.092504471,3.139256759,3.777456852,3.834441713,3.892042963
Tui,Total,METALS,INDPET,Petrol,0,0,0,0,0,0,0,0,0,0,0,0
Tui,Total,METALS,INDLPG,LPG,0,0,0,0,0,0,0,0,0,0,0,0
Tui,Total,METALS,INDGEO,Geothermal,0,0,0,0,0,0,0,0,0,0,0,0
Tui,Total,METHANOL,COA,Coal Feedstock,0,0,0,0,0,0,0,0,0,0,0,0
Tui,Total,METHANOL,INDBIG,Biogas,0,0,0,0,0,0,0,0,0,0,0,0
Tui,Total,METHANOL,INDDSL,Diesel,0,0,0,0,0,0,0,0,0,0,0,0
Tui,Total,METHANOL,INDCOA,Coal,0,0,0,0,0,0,0,0,0,0,0,0
Tui,Total,METHANOL,INDNGA,Natural Gas,16.46,16.46,16.46,16.4618,16.4618,16.4618,16.4618,16.4618,16.4618,0,0,0
Tui,Total,METHANOL,NGA,Natural Gas Feedstock,41.07,41.06,41.06,41.0689,41.0689,41.0689,41.0689,41.0689,41.0689,0,0,0
Tui,Total,METHANOL,INDWOD,Wood,0,0,0,0,0,0,0,0,0,0,0,0
Tui,Total,METHANOL,INDFOL,Fuel Oil,0,0,0,0,0,0,0,0,0,0,0,0
Tui,Total,METHANOL,INDELC,Electricity,0,0,0,0,0,0,0,0,0,0,0,0
Tui,Total,METHANOL,INDPET,Petrol,0,0,0,0,0,0,0,0,0,0,0,0
Tui,Total,METHANOL,INDLPG,LPG,0,0,0,0,0,0,0,0,0,0,0,0
Tui,Total,METHANOL,INDGEO,Geothermal,0,0,0,0,0,0,0,0,0,0,0,0
Tui,Total,MINERAL,COA,Coal Feedstock,0,0,0,0,0,0,0,0,0,0,0,0
Tui,Total,MINERAL,INDBIG,Biogas,0,0,0,0,0,0,0,0,0,0,0,0
Tui,Total,MINERAL,INDDSL,Diesel,0,0,0,0,0,0,0,0,0,0,0,0
Tui,Total,MINERAL,INDCOA,Coal,2.957142857,2.954952381,2.950571429,3.142622857,3.166605714,3.19358,3.212265714,3.19357655,1.31290909,0.290374286,0.294754286,0.299194286
Tui,Total,MINERAL,INDNGA,Natural Gas,2.194252874,2.19591954,2.199252874,2.890636034,2.056911034,2.631238534,3.029088534,3.484347111,4.907523709,4.74278,4.81432,4.88684
Tui,Total,MINERAL,NGA,Natural Gas Feedstock,0,0,0,0,0,0,0,0,0,0,0,0
Tui,Total,MINERAL,INDWOD,Wood,0.6,0.597714286,0.593142857,0.593142857,2.392828908,2.68874084,2.893873613,3.121896706,3.492580454,3.186523697,3.234504874,3.283318992
Tui,Total,MINERAL,INDFOL,Fuel Oil,0,0,0,0,0,0,0,0,0,0,0,0
Tui,Total,MINERAL,INDELC,Electricity,0.94537037,0.920305556,0.924805556,0.859555556,0.845962963,0.951611111,1.024722222,1.103537037,1.120259259,2.576883611,2.615712222,2.655097593
Tui,Total,MINERAL,INDPET,Petrol,0,0,0,0,0,0,0,0,0,0,0,0
Tui,Total,MINERAL,INDLPG,LPG,0,0,0,0,0,0,0,0,0,0,0,0
Tui,Total,MINERAL,INDGEO,Geothermal,0,0,0,0,0,0,0,0,0,0,0,0
Tui,Total,MINING,COA,Coal Feedstock,0,0,0,0,0,0,0,0,0,0,0,0
Tui,Total,MINING,INDBIG,Biogas,0,0,0,0,0,0,0,0,0,0,0,0
Tui,Total,MINING,INDDSL,Diesel,9.055555556,3.962828283,3.959191919,4.005877451,4.280432622,4.814543733,5.184888889,5.583361111,5.667805556,5.752777778,5.839861111,5.928
Tui,Total,MINING,INDCOA,Coal,0,0,0,0,0,0,0,0,0,0,0,0
Tui,Total,MINING,INDNGA,Natural Gas,0.16091954,0.16045977,0.15954023,0.202045977,0.513969054,0.552892131,0.579892131,0.608930592,0.499812551,0.419230769,0.425576923,0.432
Tui,Total,MINING,NGA,Natural Gas Feedstock,0,0,0,0,0,0,0,0,0,0,0,0
Tui,Total,MINING,INDWOD,Wood,0,0,0,0,0.037905882,0.068494118,0.089670588,0.112376471,0.235184167,0.328941176,0.333882353,0.338941176
Tui,Total,MINING,INDFOL,Fuel Oil,2.035294118,0.024,0.024941176,0.010729412,0,0,0,0,0,0,0,0
Tui,Total,MINING,INDELC,Electricity,1.466666667,1.467259259,1.468444444,1.801195497,1.773023606,1.994431014,2.147833333,2.312981481,2.347851852,2.383240741,2.419148148,2.455574074
Tui,Total,MINING,INDPET,Petrol,0,0,0,0,0,0,0,0,0,0,0,0
Tui,Total,MINING,INDLPG,LPG,0,0,0,0,0,0,0,0,0,0,0,0
Tui,Total,MINING,INDGEO,Geothermal,0,0,0,0,0,0,0,0,0,0,0,0
Tui,Total,OTHER,COA,Coal Feedstock,0,0,0,0,0,0,0,0,0,0,0,0
Tui,Total,OTHER,INDBIG,Biogas,0.05,0.04,0.04,0.0599,0.0673,0.0758,0.0817,0.0879,0.0892,0.0905,0.0919,0.0933
Tui,Total,OTHER,INDDSL,Diesel,5.41,5.4,5.4,6.0918,6.8525,7.7081,8.3008,8.9391,9.0738,9.2106,9.3495,9.4904
Tui,Total,OTHER,INDCOA,Coal,1.34,1.34,1.34,1.5127,1.7016,1.914,2.0612,2.2197,2.2531,2.2872,2.3217,2.3567
Tui,Total,OTHER,INDNGA,Natural Gas,1.06,1.05,1.05,1.1871,1.3354,1.5021,1.6176,1.742,1.7682,1.7949,1.822,1.8494
Tui,Total,OTHER,NGA,Natural Gas Feedstock,0,0,0,0,0,0,0,0,0,0,0,0
Tui,Total,OTHER,INDWOD,Wood,0,0,0,0,0,0,0,0,0,0,0,0
Tui,Total,OTHER,INDFOL,Fuel Oil,0.01,0,0,0.0125,0.0141,0.0158,0.017,0.0183,0.0185,0.0188,0.0192,0.0194
Tui,Total,OTHER,INDELC,Electricity,5.47,5.47,5.47,6.1616,6.9309,7.7964,8.3958,9.0414,9.1776,9.316,9.4565,9.5991
Tui,Total,OTHER,INDPET,Petrol,0.06,0.06,0.06,0.0757,0.0851,0.0958,0.1031,0.111,0.1127,0.1144,0.1161,0.1179
Tui,Total,OTHER,INDLPG,LPG,3.55,3.55,3.55,4.0041,4.504,5.0664,5.4559,5.8755,5.964,6.0539,6.1452,6.2379
Tui,Total,OTHER,INDGEO,Geothermal,0,0,0,0,0,0,0,0,0,0,0,0
Tui,Total,PULP AND PAPER,COA,Coal Feedstock,0,0,0,0,0,0,0,0,0,0,0,0
Tui,Total,PULP AND PAPER,INDBIG,Biogas,0,0,0,0,0,0,0,0,0,0,0,0
Tui,Total,PULP AND PAPER,INDDSL,Diesel,0,0,0,0,0,0,0,0,0,0,0,0
Tui,Total,PULP AND PAPER,INDCOA,Coal,0.18625,0.187625,0.190375,25.57190519,27.94745079,31.94677821,31.95042535,31.95042535,31.79178542,31.66267007,32.46582269,32.4716984
Tui,Total,PULP AND PAPER,INDNGA,Natural Gas,3.886637931,2.498430651,3.870804598,1.30975,1.382792525,1.290627851,1.611857638,1.590783803,1.61375375,1.42864,1.54844,1.67841
Tui,Total,PULP AND PAPER,NGA,Natural Gas Feedstock,0,0,0,0,0,0,0,0,0,0,0,0
Tui,Total,PULP AND PAPER,INDWOD,Wood,28.70588235,28.70737255,28.71035294,8.173689232,10.65506684,12.33860078,20.2125648,24.22714009,29.04393272,34.11121574,38.71589898,44.52068117
Tui,Total,PULP AND PAPER,INDFOL,Fuel Oil,0.118531765,0.001019608,0.109882353,0,0,0,0,0,0,0,0,0
Tui,Total,PULP AND PAPER,INDELC,Electricity,6.155071227,4.04840456,4.04840456,4.578610462,5.044667746,5.674721913,6.111145323,6.580992599,7.132935564,8.051689955,8.726904068,9.458985957
Tui,Total,PULP AND PAPER,INDPET,Petrol,0,0,0,0,0,0,0,0,0,0,0,0
Tui,Total,PULP AND PAPER,INDLPG,LPG,0,0,0,0,0,0,0,0,0,0,0,0
Tui,Total,PULP AND PAPER,INDGEO,Geothermal,5.937640961,5.27214253,3.941145668,7.51784308,7.964445782,8.466804244,4.873645019,5.248380619,5.688582078,6.16571696,6.682867345,7.243403936
Tui,Total,REFINERY,COA,Coal Feedstock,0,0,0,0,0,0,0,0,0,0,0,0
Tui,Total,REFINERY,INDBIG,Biogas,0,0,0,0,0,0,0,0,0,0,0,0
Tui,Total,REFINERY,INDDSL,Diesel,0,0,0,0,0,0,0,0,0,0,0,0
Tui,Total,REFINERY,INDCOA,Coal,0,0,0,0,0.12546,0.141128571,0.15198,0.15198,0.11754,0.084411429,0.060621429,0.043538571
Tui,Total,REFINERY,INDNGA,Natural Gas,3.370258621,3.358764368,3.358764368,3.431885057,3.211137557,3.544747557,3.745677615,4.024384308,2.726678175,1.418030345,0.99015,0.71113
Tui,Total,REFINERY,NGA,Natural Gas Feedstock,0,0,0,0,0,0,0,0,0,0,0,0
Tui,Total,REFINERY,INDWOD,Wood,0,0,0,0,1.072738824,1.275734454,1.447134118,1.578278242,1.293345368,1.053291429,0.78532437,0.564073277
Tui,Total,REFINERY,INDFOL,Fuel Oil,0,0,0,0,0,0,0,0,0,0,0,0
Tui,Total,REFINERY,INDELC,Electricity,0.933333333,0.918518519,0.918518519,1.043259259,1.026796296,1.155,1.243796296,1.339462963,0.961981481,1.109336296,0.796673843,0.572230602
Tui,Total,REFINERY,INDPET,Petrol,0,0,0,0,0,0,0,0,0,0,0,0
Tui,Total,REFINERY,INDLPG,LPG,0,0,0,0,0,0,0,0,0,0,0,0
Tui,Total,REFINERY,INDGEO,Geothermal,0,0,0,0,0,0,0,0,0,0,0,0
Tui,Total,UREA FEEDSTOCK,COA,Coal Feedstock,0,0,0,0,0,0,0,0,0,0,0,0
Tui,Total,UREA FEEDSTOCK,INDBIG,Biogas,0,0,0,0,0,0,0,0,0,0,0,0
Tui,Total,UREA FEEDSTOCK,INDDSL,Diesel,0,0,0,0,0,0,0,0,0,0,0,0
Tui,Total,UREA FEEDSTOCK,INDCOA,Coal,0,0,0,0,0,0,0,0,0,0,0,0
Tui,Total,UREA FEEDSTOCK,INDNGA,Natural Gas,0,0,0,0,0,0,0,0,0,0,0,0
Tui,Total,UREA FEEDSTOCK,NGA,Natural Gas Feedstock,3.99,3.99,3.99,4.4912,5.052,5.6828,6.1197,6.5903,4.7329,3.399,2.4411,1.7531
Tui,Total,UREA FEEDSTOCK,INDWOD,Wood,0,0,0,0,0,0,0,0,0,0,0,0
Tui,Total,UREA FEEDSTOCK,INDFOL,Fuel Oil,0,0,0,0,0,0,0,0,0,0,0,0
Tui,Total,UREA FEEDSTOCK,INDELC,Electricity,0,0,0,0,0,0,0,0,0,0,0,0
Tui,Total,UREA FEEDSTOCK,INDPET,Petrol,0,0,0,0,0,0,0,0,0,0,0,0
Tui,Total,UREA FEEDSTOCK,INDLPG,LPG,0,0,0,0,0,0,0,0,0,0,0,0
Tui,Total,UREA FEEDSTOCK,INDGEO,Geothermal,0,0,0,0,0,0,0,0,0,0,0,0
Tui,Total,WOOD PROCESSING,COA,Coal Feedstock,0,0,0,0,0,0,0,0,0,0,0,0
Tui,Total,WOOD PROCESSING,INDBIG,Biogas,0,0,0,0,0,0,0,0,0,0,0,0
Tui,Total,WOOD PROCESSING,INDDSL,Diesel,0.047058824,0,0.048,0,0,0,0,0,0,0,0,0
Tui,Total,WOOD PROCESSING,INDCOA,Coal,0.225,0.226,0.228,17.0840625,19.27672916,21.809583,21.81061157,21.81061157,24.0145955,26.385818,26.30303782,26.91124674
Tui,Total,WOOD PROCESSING,INDNGA,Natural Gas,1.838218391,0.490162835,0.807787356,0.3085,0.287694351,0.285845262,0.33942541,0.345406878,0.35815625,0.29778,2.762124182,2.789144182
Tui,Total,WOOD PROCESSING,NGA,Natural Gas Feedstock,0,0,0,0,0,0,0,0,0,0,0,0
Tui,Total,WOOD PROCESSING,INDWOD,Wood,15.63823529,15.42321569,14.99317647,0,0.095177143,0.10704,2.34974889,4.129408271,4.139831128,4.151111128,4.163351128,6.225981053
Tui,Total,WOOD PROCESSING,INDFOL,Fuel Oil,0.035294118,0,0.034823529,0,0,0,0,0,0,0,0,0
Tui,Total,WOOD PROCESSING,INDELC,Electricity,6.490075098,4.759312835,4.770595906,5.397344004,5.839671445,6.568981432,7.074023037,7.617897841,8.256895865,9.039902906,9.798073219,10.61993615
Tui,Total,WOOD PROCESSING,INDPET,Petrol,0,0,0,0,0,0,0,0,0,0,0,0
Tui,Total,WOOD PROCESSING,INDLPG,LPG,0,0,0,0,0,0,0,0,0,0,0,0
Tui,Total,WOOD PROCESSING,INDGEO,Geothermal,0.556629874,0.558072989,0.560959218,2.188637741,2.391879801,2.620489752,2.217891733,2.388426634,2.588751541,2.805888732,3.041229781,3.296320883
Kea,Total,ALUMINIUM,INDELC,Electricity,18.275,18.275,18.275,18.28525,18.28525,18.28525,18.28525,18.28525,18.28525,18.28525,18.28525,18.28525
Tui,Total,ALUMINIUM,INDELC,Electricity,18.275,18.275,18.275,18.28525,18.28525,18.28525,18.28525,18.28525,18.28525,18.28525,18.28525,18.28525
