Scenario,Region,Sector,Set,Name,Description,Unit,Type,Sub type,Lim type,Time slice level,Peak time slice
BASE,NI,ELC,.NRG.,AGRELC,-:- Electricity Production,PJ,NRG,ELC,FX,DAYNITE,
BASE,NI,ELC,.ENV.,BATNRG,Electricity -:- Electricity Production,PJ,ENV,,N,DAYNITE,
BASE,NI,ELC,.NRG.,COMELC,-:- Electricity Production,PJ,NRG,ELC,FX,DAYNITE,
BASE,NI,ELC,.NRG.,ELC,-:- Electricity Production,PJ,NRG,ELC,FX,DAYNITE,
BASE,NI,ELC,.NRG.,ELC-HV,-:- Electricity Production,PJ,NRG,ELC,FX,DAYNITE,
BASE,NI,ELC,.NRG.,ELC-MV,-:- Electricity Production,PJ,NRG,ELC,FX,DAYNITE,
BASE,NI,ELC,.NRG.,ELCBIG,Biogas -:- Electricity Production,PJ,NRG,,FX,,
BASE,NI,ELC,.NRG.,ELCBIL,Liquid Biofuels -:- Electricity Production,PJ,NRG,,FX,,
BASE,NI,ELC,.ENV.,ELCCO2,-:- Electricity Production,kt,ENV,,,ANNUAL,
BASE,NI,ELC,.NRG.,ELCCOA,Coal -:- Electricity Production,PJ,NRG,,FX,,
BASE,NI,ELC,.NRG.,ELCCOL,Coal -:- Electricity Production,PJ,NRG,,FX,,
BASE,NI,ELC,.NRG.,ELCD,-:- Electricity Production,PJ,NRG,ELC,FX,DAYNITE,
BASE,NI,ELC,.NRG.,ELCDD,-:- Electricity Production,PJ,NRG,ELC,FX,DAYNITE,
BASE,NI,ELC,.NRG.,ELCGEO,Geothermal -:- Electricity Production,PJ,NRG,,FX,,
BASE,NI,ELC,.NRG.,ELCHYD,Hydro -:- Electricity Production,PJ,NRG,,FX,,
BASE,NI,ELC,.NRG.,ELCNGA,Natural Gas -:- Electricity Production,PJ,NRG,,FX,,
BASE,NI,ELC,.NRG.,ELCOIL,Oil -:- Electricity Production,PJ,NRG,,FX,,
BASE,NI,ELC,.NRG.,ELCSOL,Solar -:- Electricity Production,PJ,NRG,,FX,,
BASE,NI,ELC,.NRG.,ELCTID,Tidal -:- Electricity Production,PJ,NRG,,FX,,
BASE,NI,ELC,.NRG.,ELCURN,Uranium -:- Electricity Production,PJ,NRG,,FX,,
BASE,NI,ELC,.NRG.,ELCWIN,Wind -:- Electricity Production,PJ,NRG,,FX,,
BASE,NI,ELC,.NRG.,ELCWOD,Wood -:- Electricity Production,PJ,NRG,,FX,,
BASE,NI,ELC,.NRG.,INDELC,-:- Electricity Production,PJ,NRG,ELC,FX,DAYNITE,
BASE,NI,ELC,.NRG.,RESELC,-:- Electricity Production,PJ,NRG,ELC,FX,DAYNITE,
BASE,NI,IND,.DEM.,ALU-PH-FURN,-:- Process Heat Furnace,PJ,DEM,,,DAYNITE,
BASE,NI,IND,.DEM.,CHMCL-MoTP-Stat,"-:- Motive Power, Stationary",PJ,DEM,,,DAYNITE,
BASE,NI,IND,.DEM.,CHMCL-PH-DirH,-:- Process Heat Direct,PJ,DEM,,,DAYNITE,
BASE,NI,IND,.DEM.,CHMCL-PH-FURN,-:- Process Heat Furnace,PJ,DEM,,,DAYNITE,
BASE,NI,IND,.DEM.,CHMCL-PH-REFRM,-:- Process Heat Reforming,PJ,DEM,,,DAYNITE,
BASE,NI,IND,.DEM.,CHMCL-PH-STM_HW,-:- Process Heat Steam/Hot Water,PJ,DEM,,,DAYNITE,
BASE,NI,IND,.DEM.,CNST-MoTP-Mob,"-:- Motive Power, Mobile",PJ,DEM,,,DAYNITE,
BASE,NI,IND,.DEM.,CNST-MoTP-Stat,"-:- Motive Power, Stationary",PJ,DEM,,,DAYNITE,
BASE,NI,IND,.DEM.,DARY-AIR,-:- Compressed Air,PJ,DEM,,,DAYNITE,
BASE,NI,IND,.DEM.,DARY-MoTP-Stat,"-:- Motive Power, Stationary",PJ,DEM,,,DAYNITE,
BASE,NI,IND,.DEM.,DARY-PH-MVR_DRY,-:- Process Heat Evaporation/Drying,PJ,DEM,,,DAYNITE,
BASE,NI,IND,.DEM.,DARY-PH-MVR_Fan,-:- Process Heat MVR Fan,PJ,DEM,,,DAYNITE,
BASE,NI,IND,.DEM.,DARY-PH-MVR_PRE,-:- Process Heat Evaporation/Drying,PJ,DEM,,,DAYNITE,
BASE,NI,IND,.DEM.,DARY-PH-MVR_TVR,-:- Process Heat Evaporation/Drying,PJ,DEM,,,DAYNITE,
BASE,NI,IND,.DEM.,DARY-PH-STM_HW,-:- Process Heat Steam/Hot Water,PJ,DEM,,,DAYNITE,
BASE,NI,IND,.DEM.,DARY-PH-TVR_DRY,-:- Process Heat Evaporation/Drying,PJ,DEM,,,DAYNITE,
BASE,NI,IND,.DEM.,DARY-PH-TVR_EVP,-:- Process Heat Evaporation/Drying,PJ,DEM,,,DAYNITE,
BASE,NI,IND,.DEM.,DARY-Pump,-:- Pumping,PJ,DEM,,,DAYNITE,
BASE,NI,IND,.DEM.,DARY-RFGR,-:- Refrigeration,PJ,DEM,,,DAYNITE,
BASE,NI,IND,.DEM.,FOOD-MoTP-Stat,"-:- Motive Power, Stationary",PJ,DEM,,,DAYNITE,
BASE,NI,IND,.DEM.,FOOD-PH-DirH,-:- Process Heat Direct,PJ,DEM,,,DAYNITE,
BASE,NI,IND,.DEM.,FOOD-PH-OVN,-:- Process Heat Oven,PJ,DEM,,,DAYNITE,
BASE,NI,IND,.DEM.,FOOD-PH-STM_HW,-:- Process Heat Steam/Hot Water,PJ,DEM,,,DAYNITE,
BASE,NI,IND,.DEM.,FOOD-Pump,-:- Pumping,PJ,DEM,,,DAYNITE,
BASE,NI,IND,.DEM.,FOOD-RFGR,-:- Refrigeration,PJ,DEM,,,DAYNITE,
BASE,NI,IND,.DEM.,IIS-FDSTCK,-:- Feedstock,PJ,DEM,,,DAYNITE,
BASE,NI,IND,.DEM.,IIS-MoTP-Stat,"-:- Motive Power, Stationary",PJ,DEM,,,DAYNITE,
BASE,NI,IND,.DEM.,IIS-PH-FURN,-:- Process Heat Furnace,PJ,DEM,,,DAYNITE,
BASE,NI,IND,.NRG.,INDBIG,Biogas -:-,PJ,NRG,,FX,,
BASE,NI,IND,.ENV.,INDCO2,-:-,kt,ENV,,,,
BASE,NI,IND,.NRG.,INDCOA,Coal -:-,PJ,NRG,,FX,,
BASE,NI,IND,.NRG.,INDDSL,Diesel -:-,PJ,NRG,,FX,,
BASE,NI,IND,.NRG.,INDFOL,Fuel Oil -:-,PJ,NRG,,FX,,
BASE,NI,IND,.NRG.,INDGEO,Geothermal -:-,PJ,NRG,,FX,,
BASE,NI,IND,.NRG.,INDLPG,LPG -:-,PJ,NRG,,FX,,
BASE,NI,IND,.NRG.,INDNGA,Natural Gas -:-,PJ,NRG,,FX,,
BASE,NI,IND,.NRG.,INDPET,Petrol -:-,PJ,NRG,,FX,,
BASE,NI,IND,.NRG.,INDWOD,Wood -:-,PJ,NRG,,FX,,
BASE,NI,IND,.DEM.,MEAT-MoTP-Stat,"-:- Motive Power, Stationary",PJ,DEM,,,DAYNITE,
BASE,NI,IND,.DEM.,MEAT-PH-DirH,-:- Process Heat Direct,PJ,DEM,,,DAYNITE,
BASE,NI,IND,.DEM.,MEAT-PH-STM_HW,-:- Process Heat Steam/Hot Water,PJ,DEM,,,DAYNITE,
BASE,NI,IND,.DEM.,MEAT-RFGR,-:- Refrigeration,PJ,DEM,,,DAYNITE,
BASE,NI,IND,.DEM.,METAL-MoTP-Stat,"-:- Motive Power, Stationary",PJ,DEM,,,DAYNITE,
BASE,NI,OTH,.DEM.,AFISH-BOAT,-:- Boat,PJ,DEM,,,,
BASE,NI,IND,.DEM.,METAL-PH-DirH,-:- Process Heat Direct,PJ,DEM,,,DAYNITE,
BASE,NI,IND,.DEM.,METAL-PH-FURN,-:- Process Heat Furnace,PJ,DEM,,,DAYNITE,
BASE,NI,IND,.DEM.,METAL-RFGR,-:- Refrigeration,PJ,DEM,,,DAYNITE,
BASE,NI,IND,.DEM.,MNNG-MoTP-Mob,"-:- Motive Power, Mobile",PJ,DEM,,,DAYNITE,
BASE,NI,IND,.DEM.,MNNG-MoTP-Stat,"-:- Motive Power, Stationary",PJ,DEM,,,DAYNITE,
BASE,NI,IND,.DEM.,MNNG-PH-STM_HW,-:- Process Heat Steam/Hot Water,PJ,DEM,,,DAYNITE,
BASE,NI,IND,.DEM.,MNRL-MoTP-Stat,"-:- Motive Power, Stationary",PJ,DEM,,,DAYNITE,
BASE,NI,IND,.DEM.,MNRL-PH-FURN,-:- Process Heat Furnace,PJ,DEM,,,DAYNITE,
BASE,NI,IND,.DEM.,MNRL-PH-STM_HW,-:- Process Heat Steam/Hot Water,PJ,DEM,,,DAYNITE,
BASE,NI,IND,.DEM.,MTHOL-FDSTCK,-:- Feedstock,PJ,DEM,,,DAYNITE,
BASE,NI,IND,.DEM.,MTHOL-PH_REFRM,-:- Process Heat Reformer,PJ,DEM,,,DAYNITE,
BASE,NI,IND,.DEM.,OTH-BGS,-:- Other,PJ,DEM,,,DAYNITE,
BASE,NI,IND,.DEM.,OTH-COA,-:- Other,PJ,DEM,,,DAYNITE,
BASE,NI,IND,.DEM.,OTH-DSL,-:- Other,PJ,DEM,,,DAYNITE,
BASE,NI,IND,.DEM.,OTH-ELC,-:- Other,PJ,DEM,,,DAYNITE,
BASE,NI,IND,.DEM.,OTH-FOL,-:- Other,PJ,DEM,,,DAYNITE,
BASE,NI,IND,.DEM.,OTH-LPG,-:- Other,PJ,DEM,,,DAYNITE,
BASE,NI,IND,.DEM.,OTH-NGA,-:- Other,PJ,DEM,,,DAYNITE,
BASE,NI,IND,.DEM.,OTH-PET,-:- Other,PJ,DEM,,,DAYNITE,
BASE,NI,IND,.DEM.,PLPPPR-AIR,-:- Compressed Air,PJ,DEM,,,DAYNITE,
BASE,NI,IND,.DEM.,PLPPPR-Fan,-:- Fan,PJ,DEM,,,DAYNITE,
BASE,NI,IND,.DEM.,PLPPPR-MoTP-Stat,"-:- Motive Power, Stationary",PJ,DEM,,,DAYNITE,
BASE,NI,IND,.DEM.,PLPPPR-PH-DirH,-:- Process Heat Direct,PJ,DEM,,,DAYNITE,
BASE,NI,IND,.DEM.,PLPPPR-PH-FURN,-:- Process Heat Furnace,PJ,DEM,,,DAYNITE,
BASE,NI,IND,.DEM.,PLPPPR-PH-STM_HW,-:- Process Heat Steam/Hot Water,PJ,DEM,,,DAYNITE,
BASE,NI,IND,.DEM.,PLPPPR-Pump,-:- Pumping,PJ,DEM,,,DAYNITE,
BASE,NI,IND,.DEM.,PLPPPR-Refin,-:- Wood/Pulp and Paper Refining,PJ,DEM,,,DAYNITE,
BASE,NI,IND,.DEM.,REFI-MoTP-Stat,"-:- Motive Power, Stationary",PJ,DEM,,,DAYNITE,
BASE,NI,IND,.DEM.,REFI-PH-FURN,-:- Process Heat Furnace,PJ,DEM,,,DAYNITE,
BASE,NI,IND,.DEM.,REFI-PH-STM_HW,-:- Process Heat Steam/Hot Water,PJ,DEM,,,DAYNITE,
BASE,NI,IND,.DEM.,UREA-FDSTCK,-:- Feedstock,PJ,DEM,,,DAYNITE,
BASE,NI,IND,.DEM.,UREA-REFRM,-:- Process Heat Reformer,PJ,DEM,,,DAYNITE,
BASE,NI,IND,.DEM.,WOOD-AIR,-:- Compressed Air,PJ,DEM,,,DAYNITE,
BASE,NI,IND,.DEM.,WOOD-Fan,-:- Drying,PJ,DEM,,,DAYNITE,
BASE,NI,IND,.DEM.,WOOD-MoTP-Stat,"-:- Motive Power, Stationary",PJ,DEM,,,DAYNITE,
BASE,NI,IND,.DEM.,WOOD-PH-FURN,-:- Process Heat Furnace,PJ,DEM,,,DAYNITE,
BASE,NI,IND,.DEM.,WOOD-PH-STM_HW,-:- Process Heat Steam/Hot Water,PJ,DEM,,,DAYNITE,
BASE,NI,IND,.DEM.,WOOD-Pump,-:- Pumping,PJ,DEM,,,DAYNITE,
BASE,NI,IND,.DEM.,WOOD-Refin,-:- Wood/Pulp and Paper Refining,PJ,DEM,,,DAYNITE,
BASE,NI,OTH,.DEM.,ADCF-IRG,-:- Irrigation,PJ,DEM,,,,
BASE,NI,OTH,.DEM.,ADCF-LIG,-:- Lighting,PJ,DEM,,,,
BASE,NI,OTH,.DEM.,ADCF-MoTP-Mob-Bike,-:- Off-road Motorbike Use,PJ,DEM,,,,
BASE,NI,OTH,.DEM.,ADCF-MoTP-Mob-MTr,-:- Truck Services,PJ,DEM,,,,
BASE,NI,OTH,.DEM.,ADCF-MoTP-Mob-Trac,-:- Tractor Services,PJ,DEM,,,,
BASE,NI,OTH,.DEM.,ADCF-MoTP-Mob-Uti,-:- Farm Vehicle,PJ,DEM,,,,
BASE,NI,OTH,.DEM.,ADCF-MoTP-Stat,-:- Milking Machine,PJ,DEM,,,,
BASE,NI,OTH,.DEM.,ADCF-PUMP,-:- Pumping,PJ,DEM,,,,
BASE,NI,OTH,.DEM.,ADCF-RFGR,-:- Refrigeration,PJ,DEM,,,,
BASE,NI,OTH,.DEM.,ADCF-WH,-:- Water Heating,PJ,DEM,,,,
BASE,NI,OTH,.DEM.,AFISH-LIG,-:- Lighting,PJ,DEM,,,,
BASE,NI,OTH,.DEM.,AFISH-RFGR,-:- Refrigeration,PJ,DEM,,,,
BASE,NI,OTH,.DEM.,AFORE-LIG,-:- Lighting,PJ,DEM,,,,
BASE,NI,OTH,.DEM.,AFORE-MoTP-Mob-CY,-:- Cable Yarding (Forestry),PJ,DEM,,,,
BASE,NI,OTH,.DEM.,AFORE-MoTP-Mob-GB,-:- Ground Based Forestry,PJ,DEM,,,,
BASE,NI,OTH,.DEM.,AFORE-MoTP-Stat,"-:- Motive Power, Stationary",PJ,DEM,,,,
BASE,NI,OTH,.ENV.,AGRCO2,-:-,kt,ENV,,,,
BASE,NI,OTH,.NRG.,AGRCOA,Coal -:-,PJ,NRG,,FX,ANNUAL,
BASE,NI,OTH,.NRG.,AGRDSL,Diesel -:-,PJ,NRG,,FX,ANNUAL,
BASE,NI,OTH,.NRG.,AGRFOL,Fuel Oil -:-,PJ,NRG,,FX,ANNUAL,
BASE,NI,OTH,.NRG.,AGRGEO,Geothermal -:-,PJ,NRG,,FX,ANNUAL,
BASE,NI,OTH,.NRG.,AGRLPG,LPG -:-,PJ,NRG,,FX,ANNUAL,
BASE,NI,OTH,.NRG.,AGRNGA,Natural Gas -:-,PJ,NRG,,FX,ANNUAL,
BASE,NI,OTH,.NRG.,AGRPET,Petrol -:-,PJ,NRG,,FX,ANNUAL,
BASE,NI,OTH,.NRG.,AGRPLT,Pellet -:-,PJ,NRG,,FX,ANNUAL,
BASE,NI,OTH,.NRG.,AGRWOD,Wood -:-,PJ,NRG,,FX,ANNUAL,
BASE,NI,OTH,.DEM.,AHORT-IRG,-:- Irrigation,PJ,DEM,,,,
BASE,NI,OTH,.DEM.,AHORT-LIG,-:- Lighting,PJ,DEM,,,,
BASE,NI,OTH,.DEM.,AHORT-MoTP-Mob-MTr,-:- Truck Services,PJ,DEM,,,,
BASE,NI,OTH,.DEM.,AHORT-MoTP-Mob-Trac,-:- Tractor Services,PJ,DEM,,,,
BASE,NI,OTH,.DEM.,AHORT-MoTP-Mob-Uti,-:- Farm Vehicle,PJ,DEM,,,,
BASE,SI,IND,.ENV.,INDCO2,-:-,kt,ENV,,,,
BASE,NI,OTH,.DEM.,AHORT-MoTP-Stat,"-:- Motive Power, Stationary",PJ,DEM,,,,
BASE,NI,OTH,.DEM.,AINDC-LIG,-:- Lighting,PJ,DEM,,,,
BASE,NI,OTH,.DEM.,AINDC-SH,-:- Space Heating,PJ,DEM,,,,
BASE,NI,OTH,.DEM.,ALIVE-IRG,-:- Irrigation,PJ,DEM,,,,
BASE,NI,OTH,.DEM.,ALIVE-LIG,-:- Lighting,PJ,DEM,,,,
BASE,NI,OTH,.DEM.,ALIVE-MoTP-Mob-Bike,-:- Off-road Motorbike Use,PJ,DEM,,,,
BASE,NI,OTH,.DEM.,ALIVE-MoTP-Mob-MTr,-:- Truck Services,PJ,DEM,,,,
BASE,NI,OTH,.DEM.,ALIVE-MoTP-Mob-Trac,-:- Tractor Services,PJ,DEM,,,,
BASE,NI,OTH,.DEM.,ALIVE-MoTP-Mob-Uti,-:- Farm Vehicle,PJ,DEM,,,,
BASE,NI,OTH,.DEM.,AOTH-ELC,-:- Other,PJ,DEM,,,,
BASE,NI,OTH,.DEM.,AOTH-FOL,-:- Other,PJ,DEM,,,,
BASE,NI,OTH,.DEM.,AOTH-LPG,-:- Other,PJ,DEM,,,,
BASE,NI,OTH,.DEM.,AOTH-NGA,-:- Other,PJ,DEM,,,,
BASE,NI,OTH,.DEM.,AOTH-PET,-:- Other,PJ,DEM,,,,
BASE,NI,OTH,.NRG.,COMBIG,Biogas -:-,PJ,NRG,,FX,,
BASE,NI,OTH,.ENV.,COMCO2,-:-,kt,ENV,,,,
BASE,NI,OTH,.NRG.,COMCOA,Coal -:-,PJ,NRG,,FX,,
BASE,NI,OTH,.NRG.,COMDSL,Diesel -:-,PJ,NRG,,FX,,
BASE,NI,OTH,.NRG.,COMFOL,Fuel Oil -:-,PJ,NRG,,FX,,
BASE,NI,OTH,.NRG.,COMGEO,Geothermal -:-,PJ,NRG,,FX,,
BASE,NI,OTH,.NRG.,COMLPG,LPG -:-,PJ,NRG,,FX,,
BASE,NI,OTH,.NRG.,COMNGA,Natural Gas -:-,PJ,NRG,,FX,,
BASE,NI,OTH,.NRG.,COMPET,Petrol -:-,PJ,NRG,,FX,,
BASE,NI,OTH,.NRG.,COMPLT,Wood -:-,PJ,NRG,,FX,,
BASE,NI,OTH,.NRG.,COMWOD,Wood -:-,PJ,NRG,,FX,,
BASE,NI,OTH,.DEM.,C_EDU-LT,-:- Lighting,PJ,DEM,,,,
BASE,NI,OTH,.DEM.,C_EDU-MPM,"-:- Motive Power, Mobile",PJ,DEM,,,,
BASE,NI,OTH,.DEM.,C_EDU-MPS,"-:- Motive Power, Stationary",PJ,DEM,,,,
BASE,NI,OTH,.DEM.,C_EDU-OTH,-:- Electronics and Other Appliances,PJ,DEM,,,,
BASE,NI,OTH,.DEM.,C_EDU-RF,-:- Refrigeration,PJ,DEM,,,,
BASE,NI,OTH,.DEM.,C_EDU-SC,-:- Space Cooling,PJ,DEM,,,,
BASE,NI,OTH,.DEM.,C_EDU-SH,-:- Space Heating,PJ,DEM,,,,
BASE,NI,OTH,.DEM.,C_EDU-WH,-:- Water Heating,PJ,DEM,,,,
BASE,NI,OTH,.DEM.,C_HLTH-LT,-:- Lighting,PJ,DEM,,,,
BASE,NI,OTH,.DEM.,C_HLTH-MPM,"-:- Motive Power, Mobile",PJ,DEM,,,,
BASE,NI,OTH,.DEM.,C_HLTH-MPS,"-:- Motive Power, Stationary",PJ,DEM,,,,
BASE,NI,OTH,.DEM.,C_HLTH-OTH,-:- Electronics and Other Appliances,PJ,DEM,,,,
BASE,NI,OTH,.DEM.,C_HLTH-PH,-:- Process Heat,PJ,DEM,,,,
BASE,NI,OTH,.DEM.,C_HLTH-RF,-:- Refrigeration,PJ,DEM,,,,
BASE,NI,OTH,.DEM.,C_HLTH-SC,-:- Space Cooling,PJ,DEM,,,,
BASE,NI,OTH,.DEM.,C_HLTH-SH,-:- Space Heating,PJ,DEM,,,,
BASE,NI,OTH,.DEM.,C_HLTH-WH,-:- Water Heating,PJ,DEM,,,,
BASE,NI,OTH,.DEM.,C_OFFC-LT,-:- Lighting,PJ,DEM,,,,
BASE,NI,OTH,.DEM.,C_OFFC-MPM,"-:- Motive Power, Mobile",PJ,DEM,,,,
BASE,NI,OTH,.DEM.,C_OFFC-MPS,"-:- Motive Power, Stationary",PJ,DEM,,,,
BASE,NI,OTH,.DEM.,C_OFFC-OTH,-:- Electronics and Other Appliances,PJ,DEM,,,,
BASE,NI,OTH,.DEM.,C_OFFC-SC,-:- Space Cooling,PJ,DEM,,,,
BASE,NI,OTH,.DEM.,C_OFFC-SH,-:- Space Heating,PJ,DEM,,,,
BASE,NI,OTH,.DEM.,C_OFFC-WH,-:- Water Heating,PJ,DEM,,,,
BASE,NI,OTH,.DEM.,C_OTH-LT,-:- Lighting,PJ,DEM,,,,
BASE,NI,OTH,.DEM.,C_OTH-MPM,"-:- Motive Power, Mobile",PJ,DEM,,,,
BASE,NI,OTH,.DEM.,C_OTH-MPS,"-:- Motive Power, Stationary",PJ,DEM,,,,
BASE,NI,OTH,.DEM.,C_OTH-OTH,-:- Electronics and Other Appliances,PJ,DEM,,,,
BASE,NI,OTH,.DEM.,C_OTH-SC,-:- Space Cooling,PJ,DEM,,,,
BASE,NI,OTH,.DEM.,C_OTH-SH,-:- Space Heating,PJ,DEM,,,,
BASE,NI,OTH,.DEM.,C_OTH-WH,-:- Water Heating,PJ,DEM,,,,
BASE,NI,OTH,.DEM.,C_WSR-CK,-:- Cooking,PJ,DEM,,,,
BASE,NI,OTH,.DEM.,C_WSR-LT,-:- Lighting,PJ,DEM,,,,
BASE,NI,OTH,.DEM.,C_WSR-MPM,"-:- Motive Power, Mobile",PJ,DEM,,,,
BASE,NI,OTH,.DEM.,C_WSR-MPS,"-:- Motive Power, Stationary",PJ,DEM,,,,
BASE,NI,OTH,.DEM.,C_WSR-OTH,-:- Electronics and Other Appliances,PJ,DEM,,,,
BASE,NI,OTH,.DEM.,C_WSR-RF,-:- Refrigeration,PJ,DEM,,,,
BASE,NI,OTH,.DEM.,C_WSR-SC,-:- Space Cooling,PJ,DEM,,,,
BASE,NI,OTH,.DEM.,C_WSR-SH,-:- Space Heating,PJ,DEM,,,,
BASE,NI,OTH,.DEM.,C_WSR-WH,-:- Water Heating,PJ,DEM,,,,
BASE,NI,OTH,.ENV.,RESCO2,-:-,kt,ENV,,,,
BASE,NI,OTH,.NRG.,RESCOA,Coal -:-,PJ,NRG,,FX,,
BASE,NI,OTH,.NRG.,RESDSL,Diesel -:-,PJ,NRG,,FX,,
BASE,NI,OTH,.NRG.,RESGEO,Geothermal -:-,PJ,NRG,,FX,,
BASE,NI,OTH,.NRG.,RESLPG,LPG -:-,PJ,NRG,,FX,,
BASE,NI,OTH,.NRG.,RESNGA,Natural Gas -:-,PJ,NRG,,FX,,
BASE,NI,OTH,.NRG.,RESPET,Petrol -:-,PJ,NRG,,FX,,
BASE,NI,OTH,.NRG.,RESSOL,Solar -:-,PJ,NRG,,FX,,
BASE,NI,OTH,.NRG.,RESWOD,Wood -:-,PJ,NRG,,FX,,
BASE,NI,OTH,.DEM.,R_DDW-CD,-:- Clothes Drying,PJ,DEM,,,,
BASE,NI,OTH,.DEM.,R_DDW-CK,-:- Cooking,PJ,DEM,,,,
BASE,NI,OTH,.DEM.,R_DDW-CW,-:- Clothes Washing,PJ,DEM,,,,
BASE,NI,OTH,.DEM.,R_DDW-DW,-:- Dishwashing,PJ,DEM,,,,
BASE,NI,OTH,.DEM.,R_DDW-LT,-:- Lighting,PJ,DEM,,,,
BASE,NI,OTH,.DEM.,R_DDW-MPM,"-:- Motive Power, Mobile",PJ,DEM,,,,
BASE,NI,OTH,.DEM.,R_DDW-MPS,"-:- Motive Power, Stationary",PJ,DEM,,,,
BASE,NI,OTH,.DEM.,R_DDW-OTH,-:- Electronics and Other Appliances,PJ,DEM,,,,
BASE,NI,OTH,.DEM.,R_DDW-RF,-:- Refrigeration,PJ,DEM,,,,
BASE,NI,OTH,.DEM.,R_DDW-SC,-:- Space Cooling,PJ,DEM,,,,
BASE,NI,OTH,.DEM.,R_DDW-SH,-:- Space Heating,PJ,DEM,,,,
BASE,NI,OTH,.DEM.,R_DDW-UNAL,-:- Unallocated,PJ,DEM,,,,
BASE,NI,OTH,.DEM.,R_DDW-WH,-:- Water Heating,PJ,DEM,,,,
BASE,NI,OTH,.DEM.,R_JDW-CD,-:- Clothes Drying,PJ,DEM,,,,
BASE,NI,OTH,.DEM.,R_JDW-CK,-:- Cooking,PJ,DEM,,,,
BASE,NI,OTH,.DEM.,R_JDW-CW,-:- Clothes Washing,PJ,DEM,,,,
BASE,NI,OTH,.DEM.,R_JDW-DW,-:- Dishwashing,PJ,DEM,,,,
BASE,NI,OTH,.DEM.,R_JDW-LT,-:- Lighting,PJ,DEM,,,,
BASE,NI,OTH,.DEM.,R_JDW-MPM,"-:- Motive Power, Mobile",PJ,DEM,,,,
BASE,NI,OTH,.DEM.,R_JDW-MPS,"-:- Motive Power, Stationary",PJ,DEM,,,,
BASE,NI,OTH,.DEM.,R_JDW-OTH,-:- Electronics and Other Appliances,PJ,DEM,,,,
BASE,NI,OTH,.DEM.,R_JDW-RF,-:- Refrigeration,PJ,DEM,,,,
BASE,NI,OTH,.DEM.,R_JDW-SC,-:- Space Cooling,PJ,DEM,,,,
BASE,NI,OTH,.DEM.,R_JDW-SH,-:- Space Heating,PJ,DEM,,,,
BASE,NI,OTH,.DEM.,R_JDW-UNAL,-:- Unallocated,PJ,DEM,,,,
BASE,NI,OTH,.DEM.,R_JDW-WH,-:- Water Heating,PJ,DEM,,,,
BASE,NI,PRI,.ENV.,AGRCO2,-:-,kt,ENV,,,,
BASE,NI,PRI,.NRG.,AGRH2R,-:- Hydrogen,PJ,NRG,,FX,DAYNITE,
BASE,NI,PRI,.NRG.,AGRWST,"Agricultural wastes (straws, stover, vegetable culls) -:-",PJ,NRG,,FX,,
BASE,NI,PRI,.NRG.,ANMMNR,Animal manure -:-,PJ,NRG,,FX,,
BASE,NI,PRI,.NRG.,BDSL,Biodiesel -:-,PJ,NRG,,FX,,
BASE,NI,PRI,.NRG.,BIG,Biogas -:-,PJ,NRG,,FX,DAYNITE,
BASE,NI,PRI,.NRG.,BIL,Bioliquid -:-,PJ,NRG,,FX,DAYNITE,
BASE,NI,PRI,.NRG.,COA,Coal -:-,PJ,NRG,,,ANNUAL,
BASE,NI,PRI,.NRG.,COL,Coal Lignite -:-,PJ,NRG,,,ANNUAL,
BASE,NI,PRI,.ENV.,COMCO2,-:-,kt,ENV,,,,
BASE,NI,PRI,.NRG.,COMH2R,-:- Hydrogen,PJ,NRG,,FX,DAYNITE,
BASE,NI,PRI,.NRG.,COseq,-:- CO2 to CCS,kt,NRG,,,,
BASE,NI,PRI,.NRG.,DAC_CO2,-:- CO2 from air,kt,NRG,,,,
BASE,NI,PRI,.NRG.,DID,Drop-In Diesel -:-,PJ,NRG,,FX,,
BASE,NI,PRI,.NRG.,DIJ,Drop-In Jet -:-,PJ,NRG,,FX,,
BASE,NI,PRI,.NRG.,DSL,Petrol -:-,PJ,NRG,,,,
BASE,NI,PRI,.ENV.,ELCCO2,-:- Electricity Production,kt,ENV,,,,
BASE,NI,PRI,.NRG.,ELCH2R,-:- Hydrogen,PJ,NRG,,FX,DAYNITE,
BASE,NI,PRI,.NRG.,ELCNGA,Natural Gas -:- Electricity Production,PJ,NRG,,FX,DAYNITE,
BASE,NI,PRI,.NRG.,FOL,Fuel Oil -:-,PJ,NRG,,,,
BASE,NI,PRI,.ENV.,GASCO2,-:-,kt,ENV,,,,
BASE,NI,PRI,.NRG.,GEO,Geothermal -:-,PJ,NRG,,FX,DAYNITE,
BASE,NI,PRI,.NRG.,H2C,Green Hydrogen -:- Green Hydrogen Fuel,PJ,NRG,,FX,DAYNITE,
BASE,NI,PRI,.NRG.,H2D,Green Hydrogen -:- Green Hydrogen Fuel,PJ,NRG,,FX,DAYNITE,
BASE,NI,PRI,.NRG.,H2R,Green Hydrogen -:- Green Hydrogen Fuel,PJ,NRG,,FX,DAYNITE,
BASE,NI,PRI,.NRG.,HYD,Hydro -:-,PJ,NRG,,FX,DAYNITE,
BASE,NI,PRI,.ENV.,INDCO2,-:-,kt,ENV,,,,
BASE,NI,PRI,.NRG.,INDH2R,-:- Hydrogen,PJ,NRG,,FX,DAYNITE,
BASE,NI,PRI,.NRG.,INDOSWOD,Wood -:-,PJ,NRG,,FX,,
BASE,NI,PRI,.NRG.,JET,Jet Fuel -:-,PJ,NRG,,,,
BASE,NI,PRI,.NRG.,LNG,LNG -:-,PJ,NRG,,,,
BASE,NI,PRI,.NRG.,LPG,Crude Oil (imported) -:-,PJ,NRG,,,,
BASE,NI,PRI,.NRG.,MNCWST,Municipal solid waste -:-,PJ,NRG,,FX,,
BASE,NI,PRI,.NRG.,NGA,Natural Gas -:-,PJ,NRG,,,,
BASE,NI,PRI,.NRG.,OILD,Crude Oil  -:-,PJ,NRG,,,,
BASE,NI,PRI,.NRG.,OILI,Crude Oil (domestic) -:-,PJ,NRG,,,,
BASE,NI,PRI,.NRG.,OILWST,Oil wastes -:-,PJ,NRG,,FX,,
BASE,NI,PRI,.NRG.,OTH,Other fuels from refinery -:-,PJ,NRG,,,,
BASE,NI,PRI,.NRG.,PET,LPG -:-,PJ,NRG,,,,
BASE,NI,PRI,.NRG.,PLT,Wood pellet -:-,PJ,NRG,,FX,,
BASE,NI,PRI,.ENV.,REFCO2,-:-,kt,ENV,,,,
BASE,NI,PRI,.ENV.,RESCO2,-:-,kt,ENV,,,,
BASE,NI,PRI,.NRG.,RESH2R,-:- Hydrogen,PJ,NRG,,FX,DAYNITE,
BASE,NI,PRI,.NRG.,SOL,Solar -:-,PJ,NRG,,FX,DAYNITE,
BASE,NI,PRI,.NRG.,TID,Tidal -:-,PJ,NRG,,FX,DAYNITE,
BASE,NI,PRI,.ENV.,TOTCO2,-:-,kt,ENV,,,,
BASE,NI,PRI,.ENV.,TRACO2,-:-,kt,ENV,,,,
BASE,NI,PRI,.NRG.,TRAH2R,Green Hydrogen -:-,PJ,NRG,,FX,DAYNITE,
BASE,NI,PRI,.NRG.,URN,Uranium -:-,PJ,NRG,,FX,DAYNITE,
BASE,NI,PRI,.NRG.,WIN,Wind -:-,PJ,NRG,,FX,DAYNITE,
BASE,NI,PRI,.NRG.,WOD,Biomass - wood -:-,PJ,NRG,,FX,,
BASE,NI,PRI,.NRG.,WODWST,Forest residues and woody wastes -:-,PJ,NRG,,FX,,
BASE,NI,TRA,.NRG.,H2R,Green Hydrogen -:- Green Hydrogen Fuel,PJ,NRG,,FX,,
BASE,NI,TRA,.NRG.,TRABIL,Bio Liquids -:-,PJ,NRG,,FX,ANNUAL,
BASE,NI,TRA,.ENV.,TRACO2,-:-,kt,ENV,,,ANNUAL,
BASE,NI,TRA,.NRG.,TRADSL,Diesel -:-,PJ,NRG,,FX,ANNUAL,
BASE,NI,TRA,.NRG.,TRAELC,Electricity -:-,PJ,NRG,ELC,FX,DAYNITE,
BASE,NI,TRA,.NRG.,TRAFOL,Fuel Oil -:-,PJ,NRG,,FX,ANNUAL,
BASE,NI,TRA,.NRG.,TRAH2R,Green Hydrogen -:-,PJ,NRG,,FX,DAYNITE,
BASE,NI,TRA,.NRG.,TRAJET,Jet Fuel -:-,PJ,NRG,,FX,ANNUAL,
BASE,NI,TRA,.NRG.,TRALPG,LPG -:-,PJ,NRG,,FX,ANNUAL,
BASE,NI,TRA,.NRG.,TRANGA,Natural Gas -:-,PJ,NRG,,FX,ANNUAL,
BASE,NI,TRA,.NRG.,TRAPET,Petrol -:-,PJ,NRG,,FX,ANNUAL,
BASE,NI,TRA,.DEM.,T_C_Car,-:- Van/Ute,BVkm,DEM,,,,
BASE,NI,TRA,.DEM.,T_F_DSHIP,-:- Domestic Shipping,PJ,DEM,,,,
BASE,NI,TRA,.DEM.,T_F_HTrk,-:- Heavy Truck,BVkm,DEM,,,,
BASE,NI,TRA,.DEM.,T_F_ISHIP,-:- International Shipping,PJ,DEM,,,,
BASE,NI,TRA,.DEM.,T_F_MTrk,-:- Medium Truck,BVkm,DEM,,,,
BASE,NI,TRA,.DEM.,T_F_Rail,-:- Freight Rail,PJ,DEM,,,,
BASE,NI,TRA,.DEM.,T_F_VHTrk,-:- Very Heavy Truck,BVkm,DEM,,,,
BASE,NI,TRA,.DEM.,T_O_JET,-:- Domestic Aviation,PJ,DEM,,,,
BASE,NI,TRA,.DEM.,T_O_JET_Int,-:- International Aviation,PJ,DEM,,,,
BASE,NI,TRA,.DEM.,T_P_Bus,-:- Bus,BVkm,DEM,,,,
BASE,NI,TRA,.DEM.,T_P_Car,-:- Car/SUV,BVkm,DEM,,,,
BASE,NI,TRA,.DEM.,T_P_Mcy,-:- Motorcycles,BVkm,DEM,,,,
BASE,NI,TRA,.DEM.,T_P_Rail,-:- Passenger Rail,PJ,DEM,,,,
BASE,SI,ELC,.NRG.,AGRELC,-:- Electricity Production,PJ,NRG,ELC,FX,DAYNITE,
BASE,SI,ELC,.ENV.,BATNRG,Electricity -:- Electricity Production,PJ,ENV,,N,DAYNITE,
BASE,SI,ELC,.NRG.,COMELC,-:- Electricity Production,PJ,NRG,ELC,FX,DAYNITE,
BASE,SI,ELC,.NRG.,ELC,-:- Electricity Production,PJ,NRG,ELC,,DAYNITE,
BASE,SI,ELC,.NRG.,ELC-HV,-:- Electricity Production,PJ,NRG,ELC,FX,DAYNITE,
BASE,SI,ELC,.NRG.,ELC-MV,-:- Electricity Production,PJ,NRG,ELC,FX,DAYNITE,
BASE,SI,ELC,.NRG.,ELCBIG,Biogas -:- Electricity Production,PJ,NRG,,,DAYNITE,
BASE,SI,ELC,.NRG.,ELCBIL,Liquid Biofuels -:- Electricity Production,PJ,NRG,,,DAYNITE,
BASE,SI,ELC,.ENV.,ELCCO2,-:- Electricity Production,kt,ENV,,,ANNUAL,
BASE,SI,ELC,.NRG.,ELCCOA,Coal -:- Electricity Production,PJ,NRG,,,DAYNITE,
BASE,SI,ELC,.NRG.,ELCCOL,Coal -:- Electricity Production,PJ,NRG,,,DAYNITE,
BASE,SI,ELC,.NRG.,ELCD,-:- Electricity Production,PJ,NRG,ELC,FX,DAYNITE,
BASE,SI,ELC,.NRG.,ELCDD,-:- Electricity Production,PJ,NRG,ELC,FX,DAYNITE,
BASE,SI,ELC,.NRG.,ELCGEO,Geothermal -:- Electricity Production,PJ,NRG,,,DAYNITE,
BASE,SI,ELC,.NRG.,ELCHYD,Hydro -:- Electricity Production,PJ,NRG,,,DAYNITE,
BASE,SI,ELC,.NRG.,ELCNGA,Natural Gas -:- Electricity Production,PJ,NRG,,,DAYNITE,
BASE,SI,ELC,.NRG.,ELCOIL,Oil -:- Electricity Production,PJ,NRG,,,DAYNITE,
BASE,SI,ELC,.NRG.,ELCSOL,Solar -:- Electricity Production,PJ,NRG,,,DAYNITE,
BASE,SI,ELC,.NRG.,ELCTID,Tidal -:- Electricity Production,PJ,NRG,,,DAYNITE,
BASE,SI,ELC,.NRG.,ELCWIN,Wind -:- Electricity Production,PJ,NRG,,,DAYNITE,
BASE,SI,ELC,.NRG.,ELCWOD,Wood -:- Electricity Production,PJ,NRG,,,DAYNITE,
BASE,SI,ELC,.NRG.,INDELC,-:- Electricity Production,PJ,NRG,ELC,FX,DAYNITE,
BASE,SI,ELC,.NRG.,RESELC,-:- Electricity Production,PJ,NRG,ELC,FX,DAYNITE,
BASE,SI,IND,.DEM.,ALU-PH-FURN,-:- Process Heat Furnace,PJ,DEM,,,DAYNITE,
BASE,SI,IND,.DEM.,CHMCL-MoTP-Stat,"-:- Motive Power, Stationary",PJ,DEM,,,DAYNITE,
BASE,SI,IND,.DEM.,CHMCL-PH-DirH,-:- Process Heat Direct,PJ,DEM,,,DAYNITE,
BASE,SI,IND,.DEM.,CHMCL-PH-FURN,-:- Process Heat Furnace,PJ,DEM,,,DAYNITE,
BASE,SI,IND,.DEM.,CHMCL-PH-REFRM,-:- Process Heat Reforming,PJ,DEM,,,DAYNITE,
BASE,SI,IND,.DEM.,CHMCL-PH-STM_HW,-:- Process Heat Steam/Hot Water,PJ,DEM,,,DAYNITE,
BASE,SI,IND,.DEM.,CNST-MoTP-Mob,"-:- Motive Power, Mobile",PJ,DEM,,,DAYNITE,
BASE,SI,IND,.DEM.,CNST-MoTP-Stat,"-:- Motive Power, Stationary",PJ,DEM,,,DAYNITE,
BASE,SI,IND,.DEM.,DARY-AIR,-:- Compressed Air,PJ,DEM,,,DAYNITE,
BASE,SI,IND,.DEM.,DARY-MoTP-Stat,"-:- Motive Power, Stationary",PJ,DEM,,,DAYNITE,
BASE,SI,IND,.DEM.,DARY-PH-MVR_DRY,-:- Process Heat Evaporation/Drying,PJ,DEM,,,DAYNITE,
BASE,SI,IND,.DEM.,DARY-PH-MVR_Fan,-:- Process Heat MVR Fan,PJ,DEM,,,DAYNITE,
BASE,SI,IND,.DEM.,DARY-PH-MVR_PRE,-:- Process Heat Evaporation/Drying,PJ,DEM,,,DAYNITE,
BASE,SI,IND,.DEM.,DARY-PH-MVR_TVR,-:- Process Heat Evaporation/Drying,PJ,DEM,,,DAYNITE,
BASE,SI,IND,.DEM.,DARY-PH-STM_HW,-:- Process Heat Steam/Hot Water,PJ,DEM,,,DAYNITE,
BASE,SI,IND,.DEM.,DARY-PH-TVR_DRY,-:- Process Heat Evaporation/Drying,PJ,DEM,,,DAYNITE,
BASE,SI,IND,.DEM.,DARY-PH-TVR_EVP,-:- Process Heat Evaporation/Drying,PJ,DEM,,,DAYNITE,
BASE,SI,IND,.DEM.,DARY-Pump,-:- Pumping,PJ,DEM,,,DAYNITE,
BASE,SI,IND,.DEM.,DARY-RFGR,-:- Refrigeration,PJ,DEM,,,DAYNITE,
BASE,SI,IND,.DEM.,FOOD-MoTP-Stat,"-:- Motive Power, Stationary",PJ,DEM,,,DAYNITE,
BASE,SI,IND,.DEM.,FOOD-PH-DirH,-:- Process Heat Direct,PJ,DEM,,,DAYNITE,
BASE,SI,IND,.DEM.,FOOD-PH-OVN,-:- Process Heat Oven,PJ,DEM,,,DAYNITE,
BASE,SI,IND,.DEM.,FOOD-PH-STM_HW,-:- Process Heat Steam/Hot Water,PJ,DEM,,,DAYNITE,
BASE,SI,IND,.DEM.,FOOD-Pump,-:- Pumping,PJ,DEM,,,DAYNITE,
BASE,SI,IND,.DEM.,FOOD-RFGR,-:- Refrigeration,PJ,DEM,,,DAYNITE,
BASE,SI,IND,.DEM.,IIS-FDSTCK,-:- Feedstock,PJ,DEM,,,DAYNITE,
BASE,SI,IND,.DEM.,IIS-MoTP-Stat,"-:- Motive Power, Stationary",PJ,DEM,,,DAYNITE,
BASE,SI,IND,.DEM.,IIS-PH-FURN,-:- Process Heat Furnace,PJ,DEM,,,DAYNITE,
BASE,SI,IND,.NRG.,INDBIG,Biogas -:-,PJ,NRG,,FX,,
BASE,SI,IND,.NRG.,INDCOA,Coal -:-,PJ,NRG,,FX,,
BASE,SI,IND,.NRG.,INDDSL,Diesel -:-,PJ,NRG,,FX,,
BASE,SI,IND,.NRG.,INDFOL,Fuel Oil -:-,PJ,NRG,,FX,,
BASE,SI,IND,.NRG.,INDGEO,Geothermal -:-,PJ,NRG,,FX,,
BASE,SI,IND,.NRG.,INDLPG,LPG -:-,PJ,NRG,,FX,,
BASE,SI,IND,.NRG.,INDNGA,Natural Gas -:-,PJ,NRG,,FX,,
BASE,SI,IND,.NRG.,INDPET,Petrol -:-,PJ,NRG,,FX,,
BASE,SI,IND,.NRG.,INDWOD,Wood -:-,PJ,NRG,,FX,,
BASE,SI,IND,.DEM.,MEAT-MoTP-Stat,"-:- Motive Power, Stationary",PJ,DEM,,,DAYNITE,
BASE,SI,IND,.DEM.,MEAT-PH-DirH,-:- Process Heat Direct,PJ,DEM,,,DAYNITE,
BASE,SI,IND,.DEM.,MEAT-PH-STM_HW,-:- Process Heat Steam/Hot Water,PJ,DEM,,,DAYNITE,
BASE,SI,IND,.DEM.,MEAT-RFGR,-:- Refrigeration,PJ,DEM,,,DAYNITE,
BASE,SI,IND,.DEM.,METAL-MoTP-Stat,"-:- Motive Power, Stationary",PJ,DEM,,,DAYNITE,
BASE,SI,IND,.DEM.,METAL-PH-DirH,-:- Process Heat Direct,PJ,DEM,,,DAYNITE,
BASE,SI,IND,.DEM.,METAL-PH-FURN,-:- Process Heat Furnace,PJ,DEM,,,DAYNITE,
BASE,SI,IND,.DEM.,METAL-RFGR,-:- Refrigeration,PJ,DEM,,,DAYNITE,
BASE,SI,IND,.DEM.,MNNG-MoTP-Mob,"-:- Motive Power, Mobile",PJ,DEM,,,DAYNITE,
BASE,SI,IND,.DEM.,MNNG-MoTP-Stat,"-:- Motive Power, Stationary",PJ,DEM,,,DAYNITE,
BASE,SI,IND,.DEM.,MNNG-PH-STM_HW,-:- Process Heat Steam/Hot Water,PJ,DEM,,,DAYNITE,
BASE,SI,IND,.DEM.,MNRL-MoTP-Stat,"-:- Motive Power, Stationary",PJ,DEM,,,DAYNITE,
BASE,SI,IND,.DEM.,MNRL-PH-FURN,-:- Process Heat Furnace,PJ,DEM,,,DAYNITE,
BASE,SI,IND,.DEM.,MNRL-PH-STM_HW,-:- Process Heat Steam/Hot Water,PJ,DEM,,,DAYNITE,
BASE,SI,IND,.DEM.,MTHOL-FDSTCK,-:- Feedstock,PJ,DEM,,,DAYNITE,
BASE,SI,OTH,.NRG.,COMPET,Petrol -:-,PJ,NRG,,FX,,
BASE,SI,IND,.DEM.,MTHOL-PH_REFRM,-:- Process Heat Reformer,PJ,DEM,,,DAYNITE,
BASE,SI,IND,.DEM.,OTH-BGS,-:- Other,PJ,DEM,,,DAYNITE,
BASE,SI,IND,.DEM.,OTH-COA,-:- Other,PJ,DEM,,,DAYNITE,
BASE,SI,IND,.DEM.,OTH-DSL,-:- Other,PJ,DEM,,,DAYNITE,
BASE,SI,IND,.DEM.,OTH-ELC,-:- Other,PJ,DEM,,,DAYNITE,
BASE,SI,IND,.DEM.,OTH-FOL,-:- Other,PJ,DEM,,,DAYNITE,
BASE,SI,IND,.DEM.,OTH-LPG,-:- Other,PJ,DEM,,,DAYNITE,
BASE,SI,IND,.DEM.,OTH-NGA,-:- Other,PJ,DEM,,,DAYNITE,
BASE,SI,IND,.DEM.,OTH-PET,-:- Other,PJ,DEM,,,DAYNITE,
BASE,SI,IND,.DEM.,PLPPPR-AIR,-:- Compressed Air,PJ,DEM,,,DAYNITE,
BASE,SI,IND,.DEM.,PLPPPR-Fan,-:- Fan,PJ,DEM,,,DAYNITE,
BASE,SI,IND,.DEM.,PLPPPR-MoTP-Stat,"-:- Motive Power, Stationary",PJ,DEM,,,DAYNITE,
BASE,SI,IND,.DEM.,PLPPPR-PH-DirH,-:- Process Heat Direct,PJ,DEM,,,DAYNITE,
BASE,SI,IND,.DEM.,PLPPPR-PH-FURN,-:- Process Heat Furnace,PJ,DEM,,,DAYNITE,
BASE,SI,IND,.DEM.,PLPPPR-PH-STM_HW,-:- Process Heat Steam/Hot Water,PJ,DEM,,,DAYNITE,
BASE,SI,IND,.DEM.,PLPPPR-Pump,-:- Pumping,PJ,DEM,,,DAYNITE,
BASE,SI,IND,.DEM.,PLPPPR-Refin,-:- Wood/Pulp and Paper Refining,PJ,DEM,,,DAYNITE,
BASE,SI,IND,.DEM.,REFI-MoTP-Stat,"-:- Motive Power, Stationary",PJ,DEM,,,DAYNITE,
BASE,SI,IND,.DEM.,REFI-PH-FURN,-:- Process Heat Furnace,PJ,DEM,,,DAYNITE,
BASE,SI,IND,.DEM.,REFI-PH-STM_HW,-:- Process Heat Steam/Hot Water,PJ,DEM,,,DAYNITE,
BASE,SI,IND,.DEM.,UREA-FDSTCK,-:- Feedstock,PJ,DEM,,,DAYNITE,
BASE,SI,IND,.DEM.,UREA-REFRM,-:- Process Heat Reformer,PJ,DEM,,,DAYNITE,
BASE,SI,IND,.DEM.,WOOD-AIR,-:- Compressed Air,PJ,DEM,,,DAYNITE,
BASE,SI,IND,.DEM.,WOOD-Fan,-:- Drying,PJ,DEM,,,DAYNITE,
BASE,SI,IND,.DEM.,WOOD-MoTP-Stat,"-:- Motive Power, Stationary",PJ,DEM,,,DAYNITE,
BASE,SI,IND,.DEM.,WOOD-PH-FURN,-:- Process Heat Furnace,PJ,DEM,,,DAYNITE,
BASE,SI,IND,.DEM.,WOOD-PH-STM_HW,-:- Process Heat Steam/Hot Water,PJ,DEM,,,DAYNITE,
BASE,SI,IND,.DEM.,WOOD-Pump,-:- Pumping,PJ,DEM,,,DAYNITE,
BASE,SI,IND,.DEM.,WOOD-Refin,-:- Wood/Pulp and Paper Refining,PJ,DEM,,,DAYNITE,
BASE,SI,OTH,.DEM.,ADCF-IRG,-:- Irrigation,PJ,DEM,,,,
BASE,SI,OTH,.DEM.,ADCF-LIG,-:- Lighting,PJ,DEM,,,,
BASE,SI,OTH,.DEM.,ADCF-MoTP-Mob-Bike,-:- Off-road Motorbike Use,PJ,DEM,,,,
BASE,SI,OTH,.DEM.,ADCF-MoTP-Mob-MTr,-:- Truck Services,PJ,DEM,,,,
BASE,SI,OTH,.DEM.,ADCF-MoTP-Mob-Trac,-:- Tractor Services,PJ,DEM,,,,
BASE,SI,OTH,.DEM.,ADCF-MoTP-Mob-Uti,-:- Farm Vehicle,PJ,DEM,,,,
BASE,SI,OTH,.DEM.,ADCF-MoTP-Stat,-:- Milking Machine,PJ,DEM,,,,
BASE,SI,OTH,.DEM.,ADCF-PUMP,-:- Pumping,PJ,DEM,,,,
BASE,SI,OTH,.DEM.,ADCF-RFGR,-:- Refrigeration,PJ,DEM,,,,
BASE,SI,OTH,.DEM.,ADCF-WH,-:- Water Heating,PJ,DEM,,,,
BASE,SI,OTH,.DEM.,AFISH-BOAT,-:- Boat,PJ,DEM,,,,
BASE,SI,OTH,.DEM.,AFISH-LIG,-:- Lighting,PJ,DEM,,,,
BASE,SI,OTH,.DEM.,AFISH-RFGR,-:- Refrigeration,PJ,DEM,,,,
BASE,SI,OTH,.DEM.,AFORE-LIG,-:- Lighting,PJ,DEM,,,,
BASE,SI,OTH,.DEM.,AFORE-MoTP-Mob-CY,-:- Cable Yarding (Forestry),PJ,DEM,,,,
BASE,SI,OTH,.DEM.,AFORE-MoTP-Mob-GB,-:- Ground Based Forestry,PJ,DEM,,,,
BASE,SI,OTH,.DEM.,AFORE-MoTP-Stat,"-:- Motive Power, Stationary",PJ,DEM,,,,
BASE,SI,OTH,.ENV.,AGRCO2,-:-,kt,ENV,,,,
BASE,SI,OTH,.NRG.,AGRCOA,Coal -:-,PJ,NRG,,FX,ANNUAL,
BASE,SI,OTH,.NRG.,AGRDSL,Diesel -:-,PJ,NRG,,FX,ANNUAL,
BASE,SI,OTH,.NRG.,AGRFOL,Fuel Oil -:-,PJ,NRG,,FX,ANNUAL,
BASE,SI,OTH,.NRG.,AGRLPG,LPG -:-,PJ,NRG,,FX,ANNUAL,
BASE,SI,OTH,.NRG.,AGRPET,Petrol -:-,PJ,NRG,,FX,ANNUAL,
BASE,SI,OTH,.NRG.,AGRPLT,Pellet -:-,PJ,NRG,,FX,ANNUAL,
BASE,SI,OTH,.NRG.,AGRWOD,Wood -:-,PJ,NRG,,FX,ANNUAL,
BASE,SI,OTH,.DEM.,AHORT-IRG,-:- Irrigation,PJ,DEM,,,,
BASE,SI,OTH,.DEM.,AHORT-LIG,-:- Lighting,PJ,DEM,,,,
BASE,SI,OTH,.DEM.,AHORT-MoTP-Mob-MTr,-:- Truck Services,PJ,DEM,,,,
BASE,SI,OTH,.DEM.,AHORT-MoTP-Mob-Trac,-:- Tractor Services,PJ,DEM,,,,
BASE,SI,OTH,.DEM.,AHORT-MoTP-Mob-Uti,-:- Farm Vehicle,PJ,DEM,,,,
BASE,SI,OTH,.DEM.,AHORT-MoTP-Stat,"-:- Motive Power, Stationary",PJ,DEM,,,,
BASE,SI,OTH,.DEM.,AINDC-LIG,-:- Lighting,PJ,DEM,,,,
BASE,SI,OTH,.DEM.,AINDC-SH,-:- Space Heating,PJ,DEM,,,,
BASE,SI,OTH,.DEM.,ALIVE-IRG,-:- Irrigation,PJ,DEM,,,,
BASE,SI,OTH,.DEM.,ALIVE-LIG,-:- Lighting,PJ,DEM,,,,
BASE,SI,OTH,.DEM.,ALIVE-MoTP-Mob-Bike,-:- Off-road Motorbike Use,PJ,DEM,,,,
BASE,SI,OTH,.DEM.,ALIVE-MoTP-Mob-MTr,-:- Truck Services,PJ,DEM,,,,
BASE,SI,OTH,.DEM.,ALIVE-MoTP-Mob-Trac,-:- Tractor Services,PJ,DEM,,,,
BASE,SI,OTH,.DEM.,ALIVE-MoTP-Mob-Uti,-:- Farm Vehicle,PJ,DEM,,,,
BASE,SI,OTH,.DEM.,AOTH-ELC,-:- Other,PJ,DEM,,,,
BASE,SI,OTH,.DEM.,AOTH-FOL,-:- Other,PJ,DEM,,,,
BASE,SI,OTH,.DEM.,AOTH-LPG,-:- Other,PJ,DEM,,,,
BASE,SI,OTH,.DEM.,AOTH-PET,-:- Other,PJ,DEM,,,,
BASE,SI,OTH,.NRG.,COMBIG,Biogas -:-,PJ,NRG,,FX,,
BASE,SI,OTH,.ENV.,COMCO2,-:-,kt,ENV,,,,
BASE,SI,OTH,.NRG.,COMCOA,Coal -:-,PJ,NRG,,FX,,
BASE,SI,OTH,.NRG.,COMDSL,Diesel -:-,PJ,NRG,,FX,,
BASE,SI,OTH,.NRG.,COMFOL,Fuel Oil -:-,PJ,NRG,,FX,,
BASE,SI,OTH,.NRG.,COMGEO,Geothermal -:-,PJ,NRG,,FX,,
BASE,SI,OTH,.NRG.,COMLPG,LPG -:-,PJ,NRG,,FX,,
BASE,SI,OTH,.NRG.,COMNGA,Natural Gas -:-,PJ,NRG,,FX,,
BASE,SI,OTH,.NRG.,COMPLT,Wood -:-,PJ,NRG,,FX,,
BASE,SI,OTH,.NRG.,COMWOD,Wood -:-,PJ,NRG,,FX,,
BASE,SI,OTH,.DEM.,C_EDU-LT,-:- Lighting,PJ,DEM,,,,
BASE,SI,OTH,.DEM.,C_EDU-MPM,"-:- Motive Power, Mobile",PJ,DEM,,,,
BASE,SI,OTH,.DEM.,C_EDU-MPS,"-:- Motive Power, Stationary",PJ,DEM,,,,
BASE,SI,OTH,.DEM.,C_EDU-OTH,-:- Electronics and Other Appliances,PJ,DEM,,,,
BASE,SI,OTH,.DEM.,C_EDU-RF,-:- Refrigeration,PJ,DEM,,,,
BASE,SI,OTH,.DEM.,C_EDU-SC,-:- Space Cooling,PJ,DEM,,,,
BASE,SI,OTH,.DEM.,C_EDU-SH,-:- Space Heating,PJ,DEM,,,,
BASE,SI,OTH,.DEM.,C_EDU-WH,-:- Water Heating,PJ,DEM,,,,
BASE,SI,OTH,.DEM.,C_HLTH-LT,-:- Lighting,PJ,DEM,,,,
BASE,SI,OTH,.DEM.,C_HLTH-MPM,"-:- Motive Power, Mobile",PJ,DEM,,,,
BASE,SI,OTH,.DEM.,C_HLTH-MPS,"-:- Motive Power, Stationary",PJ,DEM,,,,
BASE,SI,OTH,.DEM.,C_HLTH-OTH,-:- Electronics and Other Appliances,PJ,DEM,,,,
BASE,SI,OTH,.DEM.,C_HLTH-PH,-:- Process Heat,PJ,DEM,,,,
BASE,SI,OTH,.DEM.,C_HLTH-RF,-:- Refrigeration,PJ,DEM,,,,
BASE,SI,OTH,.DEM.,C_HLTH-SC,-:- Space Cooling,PJ,DEM,,,,
BASE,SI,OTH,.DEM.,C_HLTH-SH,-:- Space Heating,PJ,DEM,,,,
BASE,SI,OTH,.DEM.,C_HLTH-WH,-:- Water Heating,PJ,DEM,,,,
BASE,SI,OTH,.DEM.,C_OFFC-LT,-:- Lighting,PJ,DEM,,,,
BASE,SI,OTH,.DEM.,C_OFFC-MPM,"-:- Motive Power, Mobile",PJ,DEM,,,,
BASE,SI,OTH,.DEM.,C_OFFC-MPS,"-:- Motive Power, Stationary",PJ,DEM,,,,
BASE,SI,OTH,.DEM.,C_OFFC-OTH,-:- Electronics and Other Appliances,PJ,DEM,,,,
BASE,SI,OTH,.DEM.,C_OFFC-SC,-:- Space Cooling,PJ,DEM,,,,
BASE,SI,OTH,.DEM.,C_OFFC-SH,-:- Space Heating,PJ,DEM,,,,
BASE,SI,OTH,.DEM.,C_OFFC-WH,-:- Water Heating,PJ,DEM,,,,
BASE,SI,OTH,.DEM.,C_OTH-LT,-:- Lighting,PJ,DEM,,,,
BASE,SI,OTH,.DEM.,C_OTH-MPM,"-:- Motive Power, Mobile",PJ,DEM,,,,
BASE,SI,OTH,.DEM.,C_OTH-MPS,"-:- Motive Power, Stationary",PJ,DEM,,,,
BASE,SI,OTH,.DEM.,C_OTH-OTH,-:- Electronics and Other Appliances,PJ,DEM,,,,
BASE,SI,OTH,.DEM.,C_OTH-SC,-:- Space Cooling,PJ,DEM,,,,
BASE,SI,OTH,.DEM.,C_OTH-SH,-:- Space Heating,PJ,DEM,,,,
BASE,SI,OTH,.DEM.,C_OTH-WH,-:- Water Heating,PJ,DEM,,,,
BASE,SI,OTH,.DEM.,C_WSR-CK,-:- Cooking,PJ,DEM,,,,
BASE,SI,OTH,.DEM.,C_WSR-LT,-:- Lighting,PJ,DEM,,,,
BASE,SI,OTH,.DEM.,C_WSR-MPM,"-:- Motive Power, Mobile",PJ,DEM,,,,
BASE,SI,OTH,.DEM.,C_WSR-MPS,"-:- Motive Power, Stationary",PJ,DEM,,,,
BASE,SI,OTH,.DEM.,C_WSR-OTH,-:- Electronics and Other Appliances,PJ,DEM,,,,
BASE,SI,OTH,.DEM.,C_WSR-RF,-:- Refrigeration,PJ,DEM,,,,
BASE,SI,OTH,.DEM.,C_WSR-SC,-:- Space Cooling,PJ,DEM,,,,
BASE,SI,OTH,.DEM.,C_WSR-SH,-:- Space Heating,PJ,DEM,,,,
BASE,SI,OTH,.DEM.,C_WSR-WH,-:- Water Heating,PJ,DEM,,,,
BASE,SI,OTH,.DEM.,R_JDW-CD,-:- Clothes Drying,PJ,DEM,,,,
BASE,SI,OTH,.DEM.,R_JDW-CK,-:- Cooking,PJ,DEM,,,,
BASE,SI,OTH,.DEM.,R_JDW-CW,-:- Clothes Washing,PJ,DEM,,,,
BASE,SI,OTH,.DEM.,R_JDW-DW,-:- Dishwashing,PJ,DEM,,,,
BASE,SI,OTH,.DEM.,R_JDW-LT,-:- Lighting,PJ,DEM,,,,
BASE,SI,OTH,.DEM.,R_JDW-MPM,"-:- Motive Power, Mobile",PJ,DEM,,,,
BASE,SI,OTH,.DEM.,R_JDW-MPS,"-:- Motive Power, Stationary",PJ,DEM,,,,
BASE,SI,OTH,.DEM.,R_JDW-OTH,-:- Electronics and Other Appliances,PJ,DEM,,,,
BASE,SI,OTH,.DEM.,R_JDW-RF,-:- Refrigeration,PJ,DEM,,,,
BASE,SI,OTH,.DEM.,R_JDW-SC,-:- Space Cooling,PJ,DEM,,,,
BASE,SI,OTH,.DEM.,R_JDW-SH,-:- Space Heating,PJ,DEM,,,,
BASE,SI,PRI,.NRG.,H2R,Green Hydrogen -:- Green Hydrogen Fuel,PJ,NRG,,FX,DAYNITE,
BASE,SI,PRI,.NRG.,HYD,Hydro -:-,PJ,NRG,,FX,DAYNITE,
BASE,SI,PRI,.NRG.,INDH2R,-:- Hydrogen,PJ,NRG,,FX,DAYNITE,
BASE,SI,PRI,.NRG.,INDOSWOD,Wood -:-,PJ,NRG,,FX,,
BASE,SI,PRI,.NRG.,JET,Jet Fuel -:-,PJ,NRG,,,,
BASE,SI,PRI,.NRG.,LNG,LNG -:-,PJ,NRG,,,,
BASE,SI,PRI,.NRG.,LPG,Crude Oil (imported) -:-,PJ,NRG,,,,
BASE,SI,PRI,.NRG.,MNCWST,Municipal solid waste -:-,PJ,NRG,,FX,DAYNITE,
BASE,SI,PRI,.NRG.,NGA,Natural Gas -:-,PJ,NRG,,,,
BASE,SI,PRI,.NRG.,OILD,Crude Oil  -:-,PJ,NRG,,,,
BASE,SI,PRI,.ENV.,TRACO2,-:-,kt,ENV,,,,
BASE,SI,PRI,.NRG.,TRAH2R,Green Hydrogen -:-,PJ,NRG,,FX,DAYNITE,
BASE,SI,PRI,.NRG.,URN,Uranium -:-,PJ,NRG,,FX,DAYNITE,
BASE,SI,PRI,.NRG.,WIN,Wind -:-,PJ,NRG,,FX,DAYNITE,
BASE,SI,PRI,.NRG.,WOD,Biomass - wood -:-,PJ,NRG,,FX,DAYNITE,
BASE,SI,PRI,.NRG.,WODWST,Forest residues and woody wastes -:-,PJ,NRG,,FX,,
BASE,SI,TRA,.NRG.,H2R,Green Hydrogen -:- Green Hydrogen Fuel,PJ,NRG,,FX,,
BASE,SI,TRA,.NRG.,TRABIL,Bio Liquids -:-,PJ,NRG,,FX,ANNUAL,
BASE,SI,TRA,.ENV.,TRACO2,-:-,kt,ENV,,,ANNUAL,
BASE,SI,TRA,.NRG.,TRADSL,Diesel -:-,PJ,NRG,,FX,ANNUAL,
BASE,SI,TRA,.NRG.,TRAELC,Electricity -:-,PJ,NRG,ELC,FX,DAYNITE,
BASE,SI,TRA,.NRG.,TRAFOL,Fuel Oil -:-,PJ,NRG,,FX,ANNUAL,
BASE,SI,TRA,.NRG.,TRAH2R,Green Hydrogen -:-,PJ,NRG,,FX,DAYNITE,
BASE,SI,TRA,.NRG.,TRAJET,Jet Fuel -:-,PJ,NRG,,FX,ANNUAL,
BASE,SI,TRA,.NRG.,TRALPG,LPG -:-,PJ,NRG,,FX,ANNUAL,
BASE,SI,TRA,.NRG.,TRANGA,Natural Gas -:-,PJ,NRG,,FX,ANNUAL,
BASE,SI,TRA,.NRG.,TRAPET,Petrol -:-,PJ,NRG,,FX,ANNUAL,
BASE,SI,TRA,.DEM.,T_C_Car,-:- Van/Ute,BVkm,DEM,,,,
BASE,SI,TRA,.DEM.,T_F_DSHIP,-:- Domestic Shipping,PJ,DEM,,,,
BASE,SI,TRA,.DEM.,T_F_HTrk,-:- Heavy Truck,BVkm,DEM,,,,
BASE,SI,TRA,.DEM.,T_F_ISHIP,-:- International Shipping,PJ,DEM,,,,
BASE,SI,TRA,.DEM.,T_F_MTrk,-:- Medium Truck,BVkm,DEM,,,,
BASE,SI,TRA,.DEM.,T_F_Rail,-:- Freight Rail,PJ,DEM,,,,
BASE,SI,TRA,.DEM.,T_F_VHTrk,-:- Very Heavy Truck,BVkm,DEM,,,,
BASE,SI,TRA,.DEM.,T_O_JET,-:- Domestic Aviation,PJ,DEM,,,,
BASE,SI,TRA,.DEM.,T_O_JET_Int,-:- International Aviation,PJ,DEM,,,,
BASE,SI,TRA,.DEM.,T_P_Bus,-:- Bus,BVkm,DEM,,,,
BASE,SI,TRA,.DEM.,T_P_Car,-:- Car/SUV,BVkm,DEM,,,,
BASE,SI,TRA,.DEM.,T_P_Mcy,-:- Motorcycles,BVkm,DEM,,,,
BASE,SI,TRA,.DEM.,T_P_Rail,-:- Passenger Rail,PJ,DEM,,,,
NewTech_ELC_KEA,SI,ELC,.NRG.,COseq,-:- CO2 to CCS,kt,NRG,,,,
NewTech_ELC_KEA,NI,ELC,.NRG.,COseq,-:- CO2 to CCS,kt,NRG,,,,
NewTech_ELC_TUI,NI,ELC,.NRG.,COseq,-:- CO2 to CCS,kt,NRG,,,,
NewTech_ELC_TUI,SI,ELC,.NRG.,COseq,-:- CO2 to CCS,kt,NRG,,,,
BASE,SI,OTH,.ENV.,RESCO2,-:-,kt,ENV,,,,
BASE,SI,OTH,.NRG.,RESCOA,Coal -:-,PJ,NRG,,FX,,
BASE,SI,OTH,.NRG.,RESDSL,Diesel -:-,PJ,NRG,,FX,,
BASE,SI,OTH,.NRG.,RESGEO,Geothermal -:-,PJ,NRG,,FX,,
BASE,SI,OTH,.NRG.,RESLPG,LPG -:-,PJ,NRG,,FX,,
BASE,SI,OTH,.NRG.,RESNGA,Natural Gas -:-,PJ,NRG,,FX,,
BASE,SI,OTH,.NRG.,RESPET,Petrol -:-,PJ,NRG,,FX,,
BASE,SI,OTH,.NRG.,RESSOL,Solar -:-,PJ,NRG,,FX,,
BASE,SI,OTH,.NRG.,RESWOD,Wood -:-,PJ,NRG,,FX,,
BASE,SI,OTH,.DEM.,R_DDW-CD,-:- Clothes Drying,PJ,DEM,,,,
BASE,SI,OTH,.DEM.,R_DDW-CK,-:- Cooking,PJ,DEM,,,,
BASE,SI,OTH,.DEM.,R_DDW-CW,-:- Clothes Washing,PJ,DEM,,,,
BASE,SI,OTH,.DEM.,R_DDW-DW,-:- Dishwashing,PJ,DEM,,,,
BASE,SI,OTH,.DEM.,R_DDW-LT,-:- Lighting,PJ,DEM,,,,
BASE,SI,OTH,.DEM.,R_DDW-MPM,"-:- Motive Power, Mobile",PJ,DEM,,,,
BASE,SI,OTH,.DEM.,R_DDW-MPS,"-:- Motive Power, Stationary",PJ,DEM,,,,
BASE,SI,OTH,.DEM.,R_DDW-OTH,-:- Electronics and Other Appliances,PJ,DEM,,,,
BASE,SI,OTH,.DEM.,R_DDW-RF,-:- Refrigeration,PJ,DEM,,,,
BASE,SI,OTH,.DEM.,R_DDW-SC,-:- Space Cooling,PJ,DEM,,,,
BASE,SI,OTH,.DEM.,R_DDW-SH,-:- Space Heating,PJ,DEM,,,,
BASE,SI,OTH,.DEM.,R_DDW-WH,-:- Water Heating,PJ,DEM,,,,
BASE,SI,OTH,.DEM.,R_JDW-WH,-:- Water Heating,PJ,DEM,,,,
BASE,SI,PRI,.NRG.,AGRH2R,-:- Hydrogen,PJ,NRG,,FX,DAYNITE,
BASE,SI,PRI,.NRG.,AGRWST,"Agricultural wastes (straws, stover, vegetable culls) -:-",PJ,NRG,,FX,,
BASE,SI,PRI,.NRG.,ANMMNR,Animal manure -:-,PJ,NRG,,FX,,
BASE,SI,PRI,.NRG.,BDSL,Biodiesel -:-,PJ,NRG,,FX,,
BASE,SI,PRI,.NRG.,BIG,Biogas -:-,PJ,NRG,,FX,DAYNITE,
BASE,SI,PRI,.NRG.,BIL,Bioliquid -:-,PJ,NRG,,FX,DAYNITE,
BASE,SI,PRI,.NRG.,COA,Coal -:-,PJ,NRG,,,ANNUAL,
BASE,SI,PRI,.NRG.,COL,Coal Lignite -:-,PJ,NRG,,,ANNUAL,
BASE,SI,PRI,.NRG.,COMH2R,-:- Hydrogen,PJ,NRG,,FX,DAYNITE,
BASE,SI,PRI,.NRG.,COseq,-:- CO2 to CCS,kt,NRG,,,,
BASE,SI,PRI,.NRG.,DAC_CO2,-:- CO2 from air,kt,NRG,,,,
BASE,SI,PRI,.NRG.,DID,Drop-In Diesel -:-,PJ,NRG,,FX,,
BASE,SI,PRI,.NRG.,DIJ,Drop-In Jet -:-,PJ,NRG,,FX,,
BASE,SI,PRI,.NRG.,DSL,Petrol -:-,PJ,NRG,,,,
BASE,SI,PRI,.NRG.,ELCH2R,-:- Hydrogen,PJ,NRG,,FX,DAYNITE,
BASE,SI,PRI,.NRG.,ELCNGA,Natural Gas -:- Electricity Production,PJ,NRG,,FX,DAYNITE,
BASE,SI,PRI,.NRG.,FOL,Fuel Oil -:-,PJ,NRG,,,,
BASE,SI,PRI,.ENV.,GASCO2,-:-,kt,ENV,,,,
BASE,SI,PRI,.NRG.,GEO,Geothermal -:-,PJ,NRG,,FX,DAYNITE,
BASE,SI,PRI,.NRG.,H2C,Green Hydrogen -:- Green Hydrogen Fuel,PJ,NRG,,FX,DAYNITE,
BASE,SI,PRI,.NRG.,H2D,Green Hydrogen -:- Green Hydrogen Fuel,PJ,NRG,,FX,DAYNITE,
BASE,SI,PRI,.NRG.,OILI,Crude Oil (domestic) -:-,PJ,NRG,,,,
BASE,SI,PRI,.NRG.,OILWST,Oil wastes -:-,PJ,NRG,,FX,,
BASE,SI,PRI,.NRG.,OTH,Other fuels from refinery -:-,PJ,NRG,,,,
BASE,SI,PRI,.NRG.,PET,LPG -:-,PJ,NRG,,,,
BASE,SI,PRI,.NRG.,PLT,Wood pellet -:-,PJ,NRG,,FX,,
BASE,SI,PRI,.ENV.,REFCO2,-:-,PJ,ENV,,,,
BASE,SI,PRI,.NRG.,RESH2R,-:- Hydrogen,PJ,NRG,,FX,DAYNITE,
BASE,SI,PRI,.NRG.,SOL,Solar -:-,PJ,NRG,,FX,DAYNITE,
BASE,SI,PRI,.NRG.,TID,Tidal -:-,PJ,NRG,,FX,DAYNITE,
BASE,SI,PRI,.ENV.,TOTCO2,-:-,kt,ENV,,,,
